"CARDID","LINEID","BEGINTIME","ENDTIME","STATIONFROM","STATIONTO","BUSID"
"70F8CF7C5C507F2516147ADAA7765A80","00816","20140401173500","20140401180949","34","37","00017499"
"8AA64E54F0D85F9E3A11D8BEC6684D73","00816","20140401171200","20140401180951","24","37","00017499"
"38E9497B43759F699AC0158700F862A5","00816","20140401181700","20140401182650","37","37","00017499"
"CC07331E11F3412953B2EC8E181D92D4","00816","20140401181900","20140401184140","37","36","00017499"
"DDCEB394A1906836F0DA6DD754CA11B5","00816","20140401182000","20140401184212","37","36","00017499"
"BC0ACC2B7564C0387CC1E42E479EF9D6","00816","20140401182700","20140401184237","37","36","00017499"
"AC7AF470415F1F28A3CF938731C75D87","00816","20140401181800","20140401184302","37","36","00017499"
"E5FC5820B6BF4CD238FEC0077B487F85","00816","20140401181700","20140401184337","37","36","00017499"
"2B17318EF91225E9BBC9B91FCDC09F0E","00816","20140401181900","20140401184359","37","36","00017499"
"D6D674630F220B2E13B4FF288A8EAF7C","00816","20140401182700","20140401184406","37","36","00017499"
"BD5E102B236954A0FB8CB95D588AAFB1","00816","20140401182000","20140401184409","37","36","00017499"
"CFE7A5B5E203D0857AA063B8991422B2","00816","20140401182700","20140401184411","37","36","00017499"
"762BFE7A72A19F417B66B79745B56C28","00816","20140401182700","20140401184413","37","36","00017499"
"14F0C03BD9E722A7183DCF6923E1C4EC","00816","20140401181900","20140401184745","37","35","00017499"
"134E9610FCB319BC126730359E76A2C1","00816","20140401184700","20140401190346","35","34","00017499"
"EE26EB06BE8A1F123CFC8F5B3F08B039","00816","20140401184400","20140401190520","36","34","00017499"
"D4788BCF2AF1E82D5B5427C2CF9AE524","00816","20140401181600","20140401190735","37","34","00017499"
"6F697CBDF874FCB0CE44278A47E4399E","00991","20140401075900","20140401081532","38","43","00016386"
"1A7B0BA66424E4C340B1712BA76DC8E2","00991","20140401080600","20140401081636","39","43","00016386"
"321032A5C3D03F7B14B4C458FC3690CB","00991","20140401064300","20140401081749","6","44","00016386"
"2924741E0D90976A3467B0E8C3ADF1FF","00991","20140401075700","20140401082333","37","44","00016386"
"4D3D88C108DEEA752FFAE99734DDD1C4","00991","20140401071000","20140401082647","16","44","00016386"
"5BE78316291482837788869F7A667AAD","00991","20140401081400","20140401082757","42","45","00016386"
"5B05095307F6ECD3E4F9DCE7F18B2D73","00991","20140401081400","20140401082802","42","45","00016386"
"BD24D9425AB65D9B06D4A18109818BFF","00991","20140401075900","20140401083009","38","45","00016386"
"98F3B0668842FBF913E61080EC6C6BA0","00991","20140401081600","20140401083629","43","47","00016386"
"A870B25CBF8F659763AAA9F23DF87DB9","00991","20140401083400","20140401083723","46","47","00016386"
"2F08F03A0C5B4A6720F14ABFD41C128C","00991","20140401081100","20140401083742","40","48","00016386"
"AFC45B35891F141A16B81FE31C6DDAA7","00991","20140401081400","20140401083833","42","49","00016386"
"BE591993346B44C68A4F8FBCF88B6E5E","00991","20140401083300","20140401083839","45","49","00016386"
"BA730A99C6E722021510F58E40415BA7","00991","20140401095600","20140401102429","39","27","00016386"
"3CAF514254D686106DA19531F28166EC","00991","20140401102000","20140401102433","29","27","00016386"
"35D9E557AEBAA5DAC19B4841ED17263B","00991","20140401101900","20140401102436","30","27","00016386"
"F43706EB1C2B93E29B0CE9BF4B49274B","00991","20140401102400","20140401102447","28","27","00016386"
"93E2A9DEBA7B862E923F27D13CFC9A54","00991","20140401095500","20140401102453","40","27","00016386"
"52996498302D2158F39024120B0796EE","00991","20140401102400","20140401102814","28","27","00016386"
"D1AC4C9E249EEE86695C2C020A8B7511","00991","20140401095000","20140401102839","41","27","00016386"
"CEED9BC02EACC3E9D5EC958349E8796E","00991","20140401102000","20140401102923","30","26","00016386"
"F2EBB80CB2988905E0A6CDEB6BEDE43C","00991","20140401100700","20140401102931","36","26","00016386"
"9239D9CF76623590E023372AA5E79D59","00991","20140401100700","20140401103130","35","25","00016386"
"F0AAFB55346B4FD2DAB2D252DE850BE0","00991","20140401102800","20140401103308","27","24","00016386"
"C3B459EDDAAD830A01FC24694C108AF7","00991","20140401095500","20140401104004","40","22","00016386"
"4B4DC306C2B9EE0F9EA7D3094A5A83A6","00991","20140401103600","20140401104025","23","22","00016386"
"18412D6516161980D433D8311713A3D0","00991","20140401101600","20140401104151","32","22","00016386"
"7D8A69D6709D023BE66E868646BE46A7","60815","20140401070500","20140401075522","3","10","00015858"
"28086FC5144C4B959FAD4A5310A33ADC","60815","20140401070100","20140401075523","3","10","00015858"
"3478AEDD86811D82D702A1DEFB55D976","60815","20140401065900","20140401075525","3","10","00015858"
"B6EA04C1994ACF1A034BB77232B92B64","60815","20140401070000","20140401075528","3","10","00015858"
"23D1899846EA93C529ADA84A29A13D76","60815","20140401070000","20140401075529","3","10","00015858"
"A77186F39C5F196392B07583DB1EE38D","60815","20140401070100","20140401075532","3","10","00015858"
"DB2EAA2909656408E174F6869097A8B4","60815","20140401065900","20140401075533","3","10","00015858"
"505818D6BC6C0DA88DF343F51E4B4A03","60815","20140401070000","20140401075534","3","10","00015858"
"717892515E096A9A1E648602F18FE89C","60815","20140401070200","20140401075535","3","10","00015858"
"309A2E74ACA0966E139ED13CEFF7E85A","60815","20140401070000","20140401075537","3","10","00015858"
"64998AA462EF654DADD6809599BC6F27","60815","20140401070300","20140401075539","3","10","00015858"
"21D3D53281D3E46C51A40242543BF511","60815","20140401070300","20140401075541","3","10","00015858"
"72F7E33E6A6A5BF63DAFC0D2186769BF","60815","20140401070500","20140401075542","3","10","00015858"
"E12909051E1F23CA0F8CB3089C0D88F8","60815","20140401070000","20140401075543","3","10","00015858"
"E80A5285FBEFEACD45295475B8E330FB","60815","20140401070700","20140401075544","3","10","00015858"
"EF37EB8492FDF5256626E28DC8166CE5","60815","20140401070200","20140401075545","3","10","00015858"
"7FFFC6C21D961CACCEDC92B79942800A","60815","20140401070000","20140401075547","3","10","00015858"
"5E511A01DC6AEF615BC69F27082B7915","60815","20140401070000","20140401075549","3","10","00015858"
"161CE54CE9FA708F21334DC1B2C2478F","00658","20140401170500","20140401173606","16","7","00013532"
"1552F5F1C073F53D08ACA84803CF4D48","00658","20140401171900","20140401173623","14","7","00013532"
"E7D9F49565F6B95CDB9F9E4DA2B4FFB7","00658","20140401173300","20140401173648","9","7","00013532"
"8F91D5A7179993864540B60D8048ED91","00658","20140401173300","20140401173906","9","5","00013532"
"949A175E98474CC59D1B6A4DB846C155","00658","20140401173700","20140401173910","7","5","00013532"
"5BC4F445BAC404549F99ADC3CFED2BF1","00658","20140401173700","20140401173912","7","5","00013532"
"5E15024C96948E59BE0CC9763D34C996","00658","20140401170800","20140401173933","15","5","00013532"
"15E2F6AF4C53D46B09E99DB8078ACE2D","00658","20140401171900","20140401173957","14","5","00013532"
"15841B92D1174137377B29D02354080F","00658","20140401173500","20140401174218","8","4","00013532"
"75950353611E1CD68BD5EABE8B8A07CE","00658","20140401165200","20140401174223","20","4","00013532"
"F36C1C35CFFE4E1D6CECAC82932B581A","00658","20140401171900","20140401174307","14","4","00013532"
"2C7D380292FE35A9519CA4FE2FA84BDA","00658","20140401171300","20140401174524","15","4","00013532"
"1D21E45C84B475E82778389AF580D60A","00658","20140401170800","20140401180133","15","1","00013532"
"844D3EDAFF5AB386DFBCB94B48BB66F8","00658","20140401170800","20140401180136","15","1","00013532"
"447EB84866EB0A3BC4B429BF19D9E7F4","00658","20140401182100","20140401182228","3","3","00013532"
"D12401E2590DEFC9A041B946F4E19A10","00658","20140401181200","20140401182341","1","3","00013532"
"B0A8486399F708D467BAE1B91839B693","00658","20140401182100","20140401182413","3","4","00013532"
"80E85834F6FB5E411D345A0B90AD1ACF","00658","20140401182100","20140401182651","3","4","00013532"
"F98E51FE73DDB4C85FE3C3229CD3C253","00658","20140401182700","20140401183611","4","6","00013532"
"CE2412F4D19D14ED78B7F010419E2B0D","00658","20140401182100","20140401183648","3","7","00013532"
"C61C4BDC92047DB3F0AA9E5DA1A5889F","00658","20140401183100","20140401183727","5","7","00013532"
"0E965C27B39AF2B2B7B973B728A42BE9","00658","20140401181200","20140401183728","1","7","00013532"
"441D56189F33AB8B0890DFD8D1BF56AF","00658","20140401183100","20140401183750","5","8","00013532"
"AF0FABF69E618398726C55F3403C1565","00658","20140401183100","20140401183751","5","8","00013532"
"F059BB5FE3B8CFAF2A20A1F1736D159F","00658","20140401182800","20140401183801","4","8","00013532"
"4FB089868327F6CDEBB1D9ECECD980E2","00658","20140401181200","20140401183812","1","8","00013532"
"97DC2D4CD7986D687C6D469B033B3D29","00658","20140401172200","20140401174714","13","4","00013532"
"6AA981CAE39F10C85BD92D61CEE9F59F","00658","20140401170500","20140401174716","16","4","00013532"
"C716BFAE47A1BC34E3139D63F4A663C0","00658","20140401174000","20140401174717","5","4","00013532"
"9B416DBCB47B1600535D231603868112","00658","20140401173800","20140401174717","6","4","00013532"
"7E5EA33B6BF4D15E594A08902190534C","00658","20140401171900","20140401174718","14","4","00013532"
"01A61799CD24981AB4803DF29A64C7CB","00658","20140401170800","20140401174720","15","4","00013532"
"0AA4B771119F7A41EDD167E448F33F51","00658","20140401170500","20140401174929","16","3","00013532"
"FE2A33097AA4C4B0926B931D99441222","00658","20140401173300","20140401174936","9","3","00013532"
"20D97EFB587BDE8CF34640CF061817B2","00658","20140401175000","20140401175021","3","3","00013532"
"AF0555E7C52BDE8336A73933534E0EC2","00658","20140401175000","20140401175026","3","3","00013532"
"A4FE55116FF5A1CCFE46306E4569AC60","00658","20140401163100","20140401175033","28","3","00013532"
"98D105FA2272F1E383424D221659C415","00658","20140401173300","20140401175108","9","3","00013532"
"97D1263F118CC2B0697FE78EAD641BB1","00658","20140401174700","20140401175115","4","3","00013532"
"428F371F4D7D37B1CB1FC3DF4CF67CD0","00658","20140401173700","20140401175329","7","3","00013532"
"0479834DF2825CA029E5FFB5CF955853","00658","20140401171300","20140401175331","15","3","00013532"
"981A52039FF9BC9841E5A44B97F67A5B","00658","20140401175000","20140401175332","3","3","00013532"
"6E6176C2E2AB8AECD5D3644E24D81DF0","00658","20140401173300","20140401175333","9","3","00013532"
"80041E05B85CC11234C5FF8E2AFDDD41","00658","20140401173800","20140401175335","6","3","00013532"
"15271F69E335D314A1F6E0C6BAD5984C","00658","20140401175300","20140401175355","3","1","00013532"
"2FD914440197BA6B31911885E2782F50","00658","20140401175300","20140401175921","3","1","00013532"
"C9EDF8F8FBFAEA50368382090073EDA2","00658","20140401173700","20140401180006","7","1","00013532"
"225AA7A472CAD5A99D1E0CC26772EF73","00658","20140401175300","20140401180008","3","1","00013532"
"E16EA051B991EDF71223C7EE62D770DA","00658","20140401165700","20140401180032","19","1","00013532"
"E323E4E8E65619B70F4367642C3E8B9A","00814","20140401125200","20140401133713","3","9","00017542"
"605B32660AB8D378270CA7618DCF8865","00814","20140401124500","20140401133719","1","9","00017542"
"C5F5127D72BB8113F554FDC7BE4C6097","00814","20140401124500","20140401133730","1","9","00017542"
"60437AB386ED3220E263C97FF8722E16","00814","20140401124500","20140401133734","1","9","00017542"
"B45548353489BA4058E8E8806B28A2DD","00814","20140401124400","20140401133743","1","9","00017542"
"2EC10FC56AF6F7548F5405C6131F8F1F","00814","20140401124500","20140401133751","1","9","00017542"
"45425FFA652F0600E579889EEA4449A8","00814","20140401124400","20140401133759","1","9","00017542"
"7BD534086D6352497EAB9C5FF5655445","00814","20140401113600","20140401134220","5","9","00017542"
"B39F069F677AADB2E0D070897C78D54C","00814","20140401083500","20140401134235","1","9","00017542"
"B39F069F677AADB2E0D070897C78D54C","00814","20140401083500","20140401134236","1","9","00017542"
"B39F069F677AADB2E0D070897C78D54C","00814","20140401083500","20140401134243","1","9","00017542"
"1617D0A95A5F57A77E8244EEF492C749","00814","20140401134300","20140401141703","9","7","00017542"
"3C6DC824647A8D894AFC1DEBC132024A","00814","20140401134200","20140401141733","9","7","00017542"
"C4973F2FE3A98B3470D13DB29B05AEA3","00814","20140401134100","20140401141944","9","6","00017542"
"5FE9AB24EBE5220F301C7D3047F47138","00814","20140401134300","20140401142208","9","5","00017542"
"20F761EC0423097FE0F1C33C33B8D0E0","00814","20140401134400","20140401143222","9","1","00017542"
"DBFEFF6E5BD318E2685976D627AC7A93","00814","20140401142100","20140401143543","6","1","00017542"
"A8C81C0C2EC91216925A829BD3D45D29","00814","20140401134300","20140401143546","9","1","00017542"
"C0B4DD3FE99A4A8F6F8BFF8CD86E8F5A","00814","20140401142300","20140401143549","5","1","00017542"
"A840F01C78B62AB147EC8A82311B2B80","00814","20140401134400","20140401143556","9","1","00017542"
"7A2A1E99F17C0D55D30FF2FF2D3C000C","00814","20140401154400","20140401160110","1","7","00017542"
"2966C31FCD27EC4AC858B1EB9F9852C2","00814","20140401154400","20140401163619","1","9","00017542"
"25456151C3A5C0AA699EEE0D14290BE4","00814","20140313094100","20140401164247","26","9","00017542"
"A9F3AD80581B544000312C763B0CDA08","00814","20140401164400","20140401171943","9","7","00017542"
"7B925CE49DFBAD7776BEBB0F153AD14E","00814","20140401164400","20140401171951","9","7","00017542"
"E037F61953E94B5B9718EBD8F7B5293A","00814","20140401164400","20140401172015","9","7","00017542"
"768CC30A6DB4FD6CAC7D10AD31311A84","00814","20140401164400","20140401172053","9","7","00017542"
"EAE5C7EB28C75FA225B01DA9BCE75929","00814","20140401164000","20140401172253","9","7","00017542"
"59D5DDD964DB7FF6EEE2E70F9E28FAA8","00814","20140401164300","20140401172337","9","7","00017542"
"EEAE447C4139AF8B3BC69503217DC306","00814","20140401164300","20140401172345","9","7","00017542"
"104C77B10EA0A19504042AA96BF2A7D1","00814","20140401164100","20140401172420","9","7","00017542"
"83E5901783C6548CEC2ECB0A67C0D7D8","00814","20140401164100","20140401172422","9","7","00017542"
"61BA5E5A63566B0C84C9CA764F13BB06","00814","20140401164100","20140401172423","9","7","00017542"
"24AE71FC49D42963FF5166FFD4327C62","00814","20140326175800","20140401172445","21","7","00017542"
"D6A5F0CF635BB1E8771F67E453E5391F","00814","20140401164400","20140401173546","9","4","00017542"
"A082330347558A6A254E9A98FAF98031","00814","20140401172400","20140401173643","7","3","00017542"
"AA006E2D4C4BC40430859B0422CDBDD7","00814","20140401173000","20140401173910","6","3","00017542"
"D5D2BA1BE20809C013DFA10DEA0C3FAE","00814","20140401164100","20140401173948","9","3","00017542"
"FB5172ABBF05E7442D700880F40863B8","00814","20140401173300","20140401173955","5","3","00017542"
"7D1A87668B8A8974D8EE1047430800B9","00814","20140401185300","20140401195505","9","1","00017542"
"EEEE0ED9FEF3A2120A04307C251B2EBA","00814","20140401185200","20140401195518","9","1","00017542"
"F4DAB3D44D81944933382F76362F1484","00814","20140401185100","20140401195554","9","1","00017542"
"821B8CE16A52F61F645D7C941928A8B6","00814","20140401185200","20140401195606","9","1","00017542"
"C6EB7C013598FFC9D9D1C65A55E9511C","00814","20140401130100","20140401133613","7","9","00017542"
"FB09551F795F9A9001F6C69ADBE2E24D","00814","20140401130200","20140401133648","7","9","00017542"
"0C20467C3C35C3562261A4BC00733075","00814","20140401124400","20140401133655","1","9","00017542"
"7E01E3990FA087EF9AC36577FFBC8381","00814","20140401124400","20140401133658","1","9","00017542"
"78582CE90FF4420344E6DEFEA44CF024","00814","20140401124500","20140401133700","1","9","00017542"
"43CE637F0330D3D59789ADD17D5FF77A","00814","20140401125000","20140401133702","2","9","00017542"
"5FE9096764A5AD41D8C6D748270EBBE0","00814","20140401125200","20140401133703","3","9","00017542"
"5B7746CE59BDFF295CC2DDF841284B85","00814","20140401180000","20140401185508","1","9","00017481"
"293904314EE3C28536BF220B62A81B76","00814","20140401180500","20140401185512","1","9","00017481"
"F9F4A3917717CE70278CF66A37E83244","00814","20140401180000","20140401185514","1","9","00017481"
"909DC3EACC2AA7871001530ECD6DAC12","00814","20140401173000","20140401174008","6","3","00017542"
"325CC20797B1E87BA6F5B9529A507624","00814","20140401173300","20140401174031","5","3","00017542"
"786CA06837E9A0D2FFB58E7E84850134","00814","20140401185800","20140401195430","9","3","00017481"
"78B8C75260F7E8EFFE92AB85577F44BE","00814","20140401185800","20140401195435","9","3","00017481"
"01B093D2E1510916ED49FDFC3E8CE387","00814","20140401185900","20140401195536","9","2","00017481"
"D90800804FECB6B7CB1AA1F47AD4685D","00814","20140401185900","20140401195655","9","2","00017481"
"C2DCAE383D26DB9286B0D67867A42E72","00814","20140401190000","20140401195712","9","2","00017481"
"C5DE971147FB4DEA1557C8AF2115F9B8","00814","20140401185900","20140401200001","9","1","00017481"
"14704506B5FBB3595B1BD4283BA382AD","00814","20140401185900","20140401200015","9","1","00017481"
"BCA6DCC4E7B0DEEE4FF98B03E3F40982","00814","20140401185900","20140401200018","9","1","00017481"
"B42EB5DCF776C92E96E503739985EAD0","00814","20140401190000","20140401200023","9","1","00017481"
"262FC45E20967572918B40AFA6F99EA1","00814","20140401185800","20140401200028","9","1","00017481"
"5BFBDCF2C1FF7CD5B80CDE012672B47F","00814","20140401190000","20140401200113","9","1","00017481"
"EC934B28F9BADAFEDC2BC66E1167597A","00814","20140401190100","20140401200117","9","1","00017481"
"0509C3172487F2D12AA5D117CE0BD0E3","00814","20140401185900","20140401200118","9","1","00017481"
"5D8BFB0CBBF0A2D95B17C2CE9D2C3C2F","00814","20140401185800","20140401200120","9","1","00017481"
"710BAC7568C17B23E755DE521D053657","00814","20140401190000","20140401200122","9","1","00017481"
"69AA91BCEA9F753FEF86F1CF70C189BE","00814","20140401185900","20140401200124","9","1","00017481"
"6FD21CE35C14F5BC65749EB413A1BB85","00814","20140401185900","20140401200129","9","1","00017481"
"26A44FD19B04F6A8BE97669CDD956E5D","00814","20140401185800","20140401200131","9","1","00017481"
"3668EAD42DF785B3F0EE420B90BB5E35","00814","20140401185900","20140401200132","9","1","00017481"
"D8614F418627CFAA493E121FB9AE5A28","00814","20140401185900","20140401200135","9","1","00017481"
"4BA2B4FFD00B26E195FF586B8E477074","00814","20140401185900","20140401200139","9","1","00017481"
"44217F0AF577E8B513B9EE7C3DF848C6","00814","20140401185900","20140401200140","9","1","00017481"
"1798A23DC617FA8C5D58A4C0DB06B134","00814","20140331180500","20140401074638","1","1","00017551"
"09B21E3294B2DDA4FDCA38C5B96D2685","00814","20140401074500","20140401074951","1","2","00017551"
"7B37F1D34DB1C849AE0D3B8B31A9221E","00814","20140401074600","20140401075227","1","3","00017551"
"357D4F23465D176A6441AD53026A4C87","00814","20140401074600","20140401080615","1","6","00017551"
"8139AC03CE09CB4E261FE547D193F66F","00814","20140401081200","20140401081346","7","9","00017551"
"2D69495CFAF597E90E7EA76639D3F509","00814","20140401075000","20140401085659","2","9","00017551"
"FAE7418EFB21AECEEC29EDA81A0D12DF","00814","20140401081200","20140401085710","7","9","00017551"
"4BCCB9BE103D7DD698D7A4199D90B62F","00814","20140401075200","20140401085713","3","9","00017551"
"95FF0BDA754ABD06111C33EFA14053AF","00814","20140401081200","20140401085714","7","9","00017551"
"DF127B1DA3D39B0E3DE7EBE5B0AC7FC0","00814","20140401075300","20140401085726","3","9","00017551"
"D98B24A0C039721308931DA2C2DC0296","00814","20140401185800","20140401194315","9","7","00017481"
"E0EAA6D3D78E9667C6E1B0CEFE613716","00814","20140401185900","20140401194317","9","7","00017481"
"EF96AAAB8650E8848AEE1E031E9B0806","00814","20140401185900","20140401194319","9","7","00017481"
"6ADD7A95EA585B7DEE9D3EC876D3FE3D","00814","20140401185800","20140401194820","9","4","00017481"
"E5A3A48421D75A9630C3DEC0D6B11BA4","00814","20140401185900","20140401194829","9","4","00017481"
"F2966F81B72FD87B576C0A2930CC1E12","00814","20140401190000","20140401195040","9","4","00017481"
"C2D63D6767CBD3519E9139D1241650E6","00814","20140401194300","20140401195112","7","3","00017481"
"84F9044FF53ABA7A54E344B6780AEA2A","00814","20140401190000","20140401195114","9","3","00017481"
"0B982DC7B06A14EDA8B79CF1B1EE42FB","00814","20140401185800","20140401195241","9","3","00017481"
"52DB4B037B9C14DA43B61CB598B3AA2A","00814","20140401190100","20140401195244","9","3","00017481"
"9B338E5BAC2D5B5D0098A5992AD742DA","00814","20140401190100","20140401195255","9","3","00017481"
"B4723B9DB5C9C8C9E7A6AC09CB69F19B","00814","20140401190000","20140401195416","9","3","00017481"
"6211818BCA054B559473EE2942C9F4A5","00814","20140401190000","20140401195417","9","3","00017481"
"BFE1A4F42504BD4FAA458BDC8D1F01B8","00814","20140401185900","20140401195418","9","3","00017481"
"3BEE057E77FB8AC7A428BBB3DB5C1311","00814","20140401185800","20140401195422","9","3","00017481"
"4F0627EB26EBFD01A637C960A114AD05","00814","20140401185900","20140401195424","9","3","00017481"
"6D586B3E32EF248F2A44EF7ED5884C45","00814","20140401185900","20140401195425","9","3","00017481"
"2C292639A784813EDCA058556FA76DF1","00814","20140401190100","20140401195428","9","3","00017481"
"8F7D7AAD310684B5DCD0EECCB58F2887","00814","20140401190100","20140401195429","9","3","00017481"
"57C414BDF6A96332BB90832E683564B9","00883","20140401193000","20140401194922","12","5","00088727"
"8931C213FCCC2C99F70BF608EF98E25E","00883","20140401181200","20140401194954","19","5","00088727"
"37C90C253B92D9CB8453A1C81C5050B2","00883","20140401183200","20140401195031","19","5","00088727"
"8B310597FD529A132C59CC53B7E439F9","00883","20140401183200","20140401195212","19","5","00088727"
"EBA6314210A10A5863F2CFBEA6379514","00883","20140401194200","20140401195213","7","5","00088727"
"E0751FE8D146C1F6A3FDC7F9A233F045","00658","20140401095500","20140401102051","10","20","00013532"
"4FDA152B11EB060B8193ED8B13FF17D3","00658","20140401101900","20140401102059","19","20","00013532"
"F4EDE37BE7BFEAE28C50D5B266A68D64","00658","20140401093700","20140401102225","4","20","00013532"
"21DB4D7ADF4743F87A776621CC92B9F3","00658","20140401101900","20140401102439","19","21","00013532"
"B4DEDB1F9B9373C2DCFBECE621B75A13","00658","20140401102200","20140401102442","20","21","00013532"
"5DF78B33C02D2983F03AD0D4A607DC19","00658","20140401100700","20140401102801","14","22","00013532"
"9BFC65CF7E4506DAC66854FFDF7C9210","00658","20140401101200","20140401102923","16","23","00013532"
"50FA87C15EB140348CD70FA73C3DC535","00658","20140401102200","20140401103250","20","24","00013532"
"73A29E9BFEE892919E59B6FB0819E2CE","00658","20140401095100","20140401103305","9","24","00013532"
"46610C6E92B89DA4DBD549023EF8A413","00658","20140401102500","20140401103324","21","24","00013532"
"48F26410D99FB5DCD04C1AD90253BF4F","00658","20140401102900","20140401103923","22","25","00013532"
"67DE9C2C87945D6694ED956193F136B5","00658","20140401094800","20140401103942","8","25","00013532"
"51C7A2E7C65C2DA292B490DA56843816","00658","20140401101500","20140401104025","18","25","00013532"
"CA81BF8428FEBB47869E3CEDE5ACAD42","00658","20140401103900","20140401104154","25","26","00013532"
"BC7CC19CCAFF873FBA71CC4B48EB6B1B","00658","20140401103900","20140401104218","25","26","00013532"
"B99B4E552A033601ED183754B7379B8F","00658","20140401103900","20140401104222","25","26","00013532"
"7B97FC789D9520D73F911BB9941A0AC8","00658","20140401102700","20140401104324","22","26","00013532"
"81B8841922A34CBFC2515AABB88B990D","00658","20140401163500","20140401164935","25","21","00013532"
"A89CE9FFF214A2ECBBEBDCB698E780E5","00658","20140401162600","20140401165015","31","21","00013532"
"1CC9200F7144E217718B3FFFCA7478BE","00658","20140401163100","20140401165017","28","21","00013532"
"F7FBDB2334041E66B26E26012FE88B64","00658","20140401161700","20140401165018","34","21","00013532"
"E016793B45D325F82EBEBA682479B958","00658","20140401163100","20140401165020","28","21","00013532"
"27973CFA8AA972AD9C2B55A10ADB1DB1","00658","20140401163700","20140401165021","25","21","00013532"
"0B7B140CD5762F30BC6C436C7A4053F7","00658","20140401163900","20140401165023","24","21","00013532"
"AA65C94E32BDD3A2779AB63AEBD054A8","00658","20140401161800","20140401165025","34","21","00013532"
"908B0F2B957017120748F52766E61D9C","00658","20140401161800","20140401165132","34","20","00013532"
"A863D20AA563CE40CCA4CE5C5D4B2ADA","00658","20140401161700","20140401165136","34","20","00013532"
"A836680D43B8320B893C6C815473E996","00658","20140401163500","20140401165145","25","20","00013532"
"FF98F3F2B0209338745ADF33AEBD80EF","00658","20140401163500","20140401165225","25","20","00013532"
"F1044CB31FE2E5E6CF492B1A9C40DC8D","00658","20140401164800","20140401165235","22","20","00013532"
"496F393661FD32535E7170B2909726E3","00658","20140401165600","20140401165614","19","19","00013532"
"7DB166FE496FE27733D2C38EFE97483A","00658","20140401165600","20140401165615","19","19","00013532"
"B3F085E5A62382061090D79316318BEC","00658","20140401163500","20140401165709","25","19","00013532"
"DBCB40AC8D573B2392AAAE253D5A635E","00658","20140401104000","20140401104658","25","28","00013532"
"197F1F6911ED2D48D12A467B0D9E548B","00658","20140401103300","20140401104708","24","28","00013532"
"9733070E13C29E5D776BC3147051643B","00658","20140401103100","20140401104808","23","29","00013532"
"0418A647DA26AD7F31EA2442A3F0AF5C","00658","20140401103500","20140401104825","24","29","00013532"
"A95525D7836EED78A4AB672DECAB71BC","00658","20140401104000","20140401104834","25","29","00013532"
"8CF4E62D648EB8E4FA5AEDC9A5A8787A","00658","20140401104000","20140401104836","25","29","00013532"
"9B1BD29F5CE610B11431D6C9BDA181D2","00658","20140401104200","20140401104837","26","29","00013532"
"BF387D396E306795DB069D80C891677F","00658","20140401103100","20140401105136","23","31","00013532"
"6661C6CB9FAB39D648442F002692D1F4","00658","20140401103900","20140401105140","25","31","00013532"
"74F43FDB304ABE5AF727AD7DF2702B97","00658","20140401104800","20140401105312","29","31","00013532"
"9F311C177C4A64DEFAD66DBCEF850245","00658","20140401104800","20140401105335","29","31","00013532"
"3E6E134668DDDB512C71C938FAA08A21","00087","20000000000000","20140401065652","0","0","00098284"
"2672FE5BE80B265BA4C5E637ECF1FC28","00087","20000000000000","20140401065653","0","0","00098284"
"14FD4058213A218408B6F862D68D67B2","00087","20000000000000","20140401065812","0","0","00098284"
"D8F9CC61DA305BEF9CBD14067F88EFF6","00087","20000000000000","20140401065813","0","0","00098284"
"D3B563193E513FA65E971DC1E8918DE4","00087","20000000000000","20140401065819","0","0","00098284"
"4B54E3E7694C601DC17792E7449C8CDF","00087","20000000000000","20140401065823","0","0","00098284"
"E8ECF412870F687620ACF39B2B75CC84","00087","20000000000000","20140401065909","0","0","00098284"
"D82D01389EC0041D246914B5397ECE5C","00087","20000000000000","20140401065910","0","0","00098284"
"255D1B7430E23DA991505D9C122E38D8","00087","20000000000000","20140401065911","0","0","00098284"
"9FEE56F03C7D4DAB90377D81DAC0A568","00087","20000000000000","20140401065912","0","0","00098284"
"11705D62465FD502CE21EBD69E5E9538","00087","20000000000000","20140401065914","0","0","00098284"
"CCD70D2203B1F4071991971928AA5ECA","00087","20000000000000","20140401065915","0","0","00098284"
"617F53F4FACE5DD8699D939AA64570CA","00087","20000000000000","20140401065916","0","0","00098284"
"6044C39D7C9D4312B4E5102D108D72EE","00087","20000000000000","20140401065917","0","0","00098284"
"7F172C92B2075403429049C9B02B30F2","00087","20000000000000","20140401065919","0","0","00098284"
"08C7153D4B02FF607B8206EAE123819D","00087","20000000000000","20140401065920","0","0","00098284"
"5E0A7B7885A744514EEFCB248A2D8B8A","00087","20000000000000","20140401065922","0","0","00098284"
"A80227E739B29C8D11BF59EC616874BC","00087","20000000000000","20140401070004","0","0","00098284"
"A91425106CB3DF452EB7F6BE4B57FAF3","00087","20000000000000","20140401070020","0","0","00098284"
"F83C8D61F67D50BCECFF598352E82651","00087","20000000000000","20140401070200","0","0","00098284"
"501FFD8F983820A0165C4586CE36819D","00087","20000000000000","20140401070201","0","0","00098284"
"BBE9E01300526C3B6CD8B75F2197908E","00087","20000000000000","20140401070745","0","0","00098284"
"F3F24647584C5D5D76C51A338378F876","00087","20000000000000","20140401070749","0","0","00098284"
"69E003EFA181EC64EFF2FF6F7E32C423","00087","20000000000000","20140401071035","0","0","00098284"
"29C7F09BC917A670076E98363BA1F0DD","00087","20000000000000","20140401071037","0","0","00098284"
"A8360347C842D07EB6E20E0A333FD823","00087","20000000000000","20140401071040","0","0","00098284"
"89D9FB9A4BE8A7FA74501FB720CBD3C3","00087","20000000000000","20140401071440","0","0","00098284"
"421A74A445AEC4C27034C698B4D88A11","00087","20000000000000","20140401071441","0","0","00098284"
"7C9E830AAF50E6E9246328D3AB5F3932","00087","20000000000000","20140401071442","0","0","00098284"
"89CF09C219085CAA70C398ECD1E8998D","00087","20000000000000","20140401071829","0","0","00098284"
"A60D5B09166E34EF562CC254CE5D6DAC","00087","20000000000000","20140401071832","0","0","00098284"
"5F081A17255DD78F24E0D2A8A3FE8D21","00087","20000000000000","20140401071833","0","0","00098284"
"09CA8EAE9114BBE772AA9BCDB9CC1A6C","00087","20000000000000","20140401071834","0","0","00098284"
"D7C0C80717995BC5FE04F4DDB6394052","10945","20140401160000","20140401164112","5","24","00051035"
"6FC46BDDBF9320257D0CDF409DCBA28E","34021","20140401102700","20140401103111","26","28","00069775"
"5B8EA59D347A46C8D3C6B681A98D9BC6","34021","20140401091900","20140401103216","5","28","00069775"
"4BE4D496022E9D6E8437F88906450114","34021","20140401101700","20140401103409","23","29","00069775"
"27BE9F4ABC1B7EE8F78001E1B9C47197","34021","20140401092500","20140401103411","9","29","00069775"
"AB799B647644A1E4ECD392D7497AEF99","34021","20140401090900","20140401103413","1","29","00069775"
"EBC8FE87F9D8CE17613A28B989492F20","34021","20140401090900","20140401103415","1","29","00069775"
"351F4D93B82609003F8957C1BAE73828","34021","20140401100800","20140401103417","20","29","00069775"
"B13AEB3A29E47654440404D143AD87C9","34021","20140401103700","20140401104313","29","27","00069775"
"B811EF92D26F12C6507501BD7B0B7E8A","34021","20140401103700","20140401104317","29","26","00069775"
"63AAA6147269B93FCC094707355F068D","34021","20140401105000","20140401105404","24","22","00069775"
"708A93E93292D736AC1B85E267BAF3DC","34021","20140401105600","20140401110755","21","17","00069775"
"9AAC7CD06B7556349F661C3951789429","34021","20140401105000","20140401110836","24","17","00069775"
"86F8E8CF4C32CD901068E2E1C6B1C7AE","34021","20140401105600","20140401110920","21","17","00069775"
"C596525AD02DC9CD17F78398D6188358","34021","20140401105600","20140401110925","21","17","00069775"
"14F8B6A2A42A0564C02DA45702F0072F","34021","20140401131900","20140401135917","5","18","00069775"
"A1F2E44CB1394B907F5659916076EAEA","34021","20140401132000","20140401140110","5","18","00069775"
"472D5F6DF9E03D741D4EB355D4FB0233","34021","20140401131500","20140401140206","2","18","00069775"
"6FB6CD28875883099408DE98BCFEA90B","34021","20140401131800","20140401140432","4","19","00069775"
"5BE20016FAF7EF78C31B28CDA5582070","34021","20140401135500","20140401140435","17","19","00069775"
"33D99FFAF4E7DCFF1DF5E1B1F7F3A031","34021","20140401130800","20140401140631","1","20","00069775"
"924D255B1D1B49E6CC91EADE2DE59DB5","34021","20140401131100","20140401140633","1","20","00069775"
"C021B15DEA269A7AA1D738B4BA873B10","34021","20140401131800","20140401140638","4","20","00069775"
"9DCB1C50E1896D5BA00299254F8F1883","34021","20140401132400","20140401140649","9","20","00069775"
"18F1676AF9DB2C075F244D2D9159774F","34021","20140401131800","20140401141045","4","21","00069775"
"44D3ECC0629D4BDBCAA9AD9A24F9EC38","34021","20140401135700","20140401141100","17","21","00069775"
"459ABAE54D4A00C0161B30276BEC5368","34021","20140401130800","20140401141111","1","21","00069775"
"86485C6935066743B7E18D500C3C978E","34021","20140401131500","20140401141112","2","21","00069775"
"FB1724F948B54F974AFD786183429045","34021","20140401131500","20140401141113","2","21","00069775"
"4CBF17851B16CDDE750E6AEDED9A7C81","34038","20140401181900","20140401184252","9","18","00069636"
"94B17A0A70277DA8CF6FF53CCCDE78C2","34038","20140401180400","20140401184256","1","18","00069636"
"3653F37EEE18E29BE5A76D7E620AC0A7","34038","20140401183100","20140401184313","14","18","00069636"
"1C6BAB7D1CAAAF9B254934F1BDB75B4B","34038","20140401182100","20140401184432","11","19","00069636"
"CC7E9F6D97B87B0556920C67659E6C36","34038","20140401182100","20140401184433","11","19","00069636"
"CD6EDF7ED932C1303DA54219BD3A684C","34038","20140401181400","20140401184523","6","19","00069636"
"16C10D55A3F9EA23272796ACAEDF5E57","34038","20140401181300","20140401184524","6","19","00069636"
"589D69373541117E9158F6AF20D12E93","34038","20140401181600","20140401184534","8","19","00069636"
"EB98728686435E792A410CFB76895A77","34038","20140401181300","20140401184542","6","19","00069636"
"8C2D5AA5ED26A827DC636E4C519CB48C","34038","20140401180500","20140401184606","1","19","00069636"
"D200335C7E2CE6C31C125A4A58CC37CD","34038","20140401181300","20140401184626","6","19","00069636"
"89F3996E59ECE5690BC94C9C39CB88A6","34038","20140401181600","20140401184638","8","19","00069636"
"E451E672516F1CB83D17200C3A52AE7B","34038","20140401181500","20140401184719","7","19","00069636"
"9379214BA7B89FA876AAB1CFCFED4B2B","34038","20140401181500","20140401184806","7","19","00069636"
"EC2451D4A9C2ABA26559A07D91022A92","34038","20140401181600","20140401184808","8","19","00069636"
"9BE2F84B6E63AB74D1BDE4B3D85215CF","34038","20140401185100","20140401191621","20","8","00069636"
"F1CA0ECA8DCF8161500DF7DB5524E0ED","34038","20140401180500","20140401182242","1","12","00069636"
"A3937B1DE16EC5D8A021495D8591119C","34038","20140401182100","20140401182509","11","13","00069636"
"2549A02B20869F1B426F4A73922028B4","34038","20140401181100","20140401182543","4","13","00069636"
"F346AD89E1F679AF0F70EEA338FE8970","34038","20140401180400","20140401182546","1","13","00069636"
"E9EAC4001B09B772E1AF7B1E1D0182CD","34038","20140401180700","20140401182557","2","13","00069636"
"0E9691FF51F609AEBD387A6409F13D5F","34038","20140401180500","20140401182631","1","13","00069636"
"81DF41DFEEC968601A6443A47790CF9A","34038","20140401181300","20140401182649","6","13","00069636"
"9AD5CB436C00BD336F95296CB73D249B","34038","20140401180400","20140401182651","1","13","00069636"
"7EFF06353CEC20A45DDE691C0328E140","34038","20140401180400","20140401182815","1","14","00069636"
"6180BE8173E49AA2D8576DF2F2B3E58B","34038","20140401180500","20140401182916","1","14","00069636"
"733579B3FFDDD32FB3380E29A13E7280","34038","20140401182100","20140401182932","11","14","00069636"
"2C10A27CC67AA0B273DC5935248E377D","34038","20140401182300","20140401182955","12","14","00069636"
"4BCCBC1E081DF1FE75CC04BB5FA0F35F","34038","20140401181600","20140401183003","8","14","00069636"
"1FBC21EFCF37A2EB9095D9C01CCA4674","34038","20140401181600","20140401183005","8","14","00069636"
"35607FB6622F9DA2D4C308FB0317AE4C","34038","20140401182300","20140401183033","12","14","00069636"
"2E91F2223B80264CC54E2F1BE47679EE","34038","20140401181300","20140401183056","6","14","00069636"
"770ED04941978219FA3A55E2DE21C631","34038","20140401181500","20140401183058","7","14","00069636"
"840930FBFA47F677284F8ACC07EF4A19","34038","20140401181600","20140401183058","8","14","00069636"
"FEBEA7E3E137D27E09A5A90507ACB6F3","34038","20140401181500","20140401183102","7","14","00069636"
"3D7662C6747F447DB82A64A02A098392","34038","20140401181600","20140401183103","8","14","00069636"
"0F0023D500F5C43358DBB267C2D3246C","34038","20140401181600","20140401183104","8","14","00069636"
"5D46DBFBCFFDBE17CAB63625655300FC","34038","20140401181600","20140401183106","8","14","00069636"
"2A0C2C136C8C04C5474340614F974F45","34038","20140401180500","20140401183107","1","14","00069636"
"0704ED356919EEE71E9743DCABE3F023","34038","20140401180400","20140401183108","1","14","00069636"
"98976486A655EA6371E1EF0DC8A6C8C3","34038","20000000000000","20140401183110","0","14","00069636"
"2AEF60075FFAD29BC55CB3364C422A73","34038","20140401180500","20140401183111","1","14","00069636"
"A616D265AF13AECDD47A87AE343F68D3","34038","20140401180400","20140401183112","1","14","00069636"
"EBD424A0B098CFA1D13CF2CFA5AD4B7E","34038","20140401180500","20140401183115","1","14","00069636"
"5DCB8D32715FCE2882B6132155EC1B3A","34038","20140401180400","20140401183210","1","14","00069636"
"16A147F03A67269F07CAF838AA74EB35","34038","20140401181500","20140401183215","7","14","00069636"
"EC6D8717FC62C37A8EF57888AEE1B712","34035","20140401065400","20140401073812","16","1","00069971"
"00E36A170C88C0C595DE42DBB1B3632F","34035","20140401065600","20140401073815","16","1","00069971"
"5BE0F44AB6FE5696E48E0ABA0969ACA6","34035","20140401083500","20140401083921","12","14","00069971"
"5768714905B73157B414EBB46A846693","34035","20140401093000","20140401094648","9","5","00069971"
"5AB38B08FCB6DDE64E0AB64CE5D219B5","34035","20140401093400","20140401094729","7","5","00069971"
"BF359F8616DB11562FF7A9C8079C6877","34035","20140401093400","20140401094731","7","5","00069971"
"FED4415FE0A342F9189C407E75CBD985","34035","20140401092900","20140401094745","9","5","00069971"
"DC0E751EC52419BE6D22916D2E654FB3","34035","20140401094200","20140401095015","5","3","00069971"
"2562F2403B89F8ECCD6E147494AEFB00","34035","20140401094200","20140401095016","5","3","00069971"
"633701DD04C8ADEC64980F7F5BF973C8","34035","20140401091000","20140401095118","15","1","00069971"
"1A6C40088677C72FFE70E2241EF521F3","34035","20140401091500","20140401095123","14","1","00069971"
"5C30ED680F2A201D0092AEB4874A5F7C","34009","20140401154600","20140401155515","12","7","00065526"
"4A8719844E20C7A15C43431D68388C3B","34009","20140401152700","20140401155735","15","5","00065526"
"496A83A44ABEC9C145F2EF1541E44D09","34009","20140401152700","20140401155737","15","5","00065526"
"6E1898FF705B83264FF7A50595480295","34038","20140401172400","20140401173427","4","2","00069636"
"FB802DBBE18B93A99E31E1EE299E056C","34038","20140401181300","20140401183519","6","15","00069636"
"0F7A7D0365DA3DC51D90F8FAC75DCE95","34038","20140401180400","20140401183524","1","15","00069636"
"DF326F0C392ED02EB976EE11E47F7C19","34038","20140401181600","20140401183528","8","15","00069636"
"20F59B0B8D8BA7D47E99C25566EDEDCE","34038","20140401181500","20140401183530","7","15","00069636"
"1E137B12C846F05AADE41995BFB26F45","34038","20140401180700","20140401183531","2","15","00069636"
"759E4BCA6BEFA701A5E314A208D1E36A","34038","20140401180700","20140401183532","2","15","00069636"
"C7874C5DA7E287E5303CAA8ACB600D55","34038","20140401181400","20140401183952","6","16","00069636"
"034F2C28973BEBE630FEA498196D9792","34038","20140401182300","20140401184017","12","17","00069636"
"FDF94AF99E2D6CC4C4D3DDC99A202893","34038","20140401182100","20140401184113","11","17","00069636"
"7FDA802175E6A4265BDD370B8C80FC96","34038","20140401181500","20140401184158","7","17","00069636"
"575AA082CBFD84E0C9121A3A47E57CE4","34041","20140401181300","20140401185316","5","14","00069793"
"E51E1ABB06F1BF74FCDD8670AE3EAFBF","34041","20140401181000","20140401185318","1","14","00069793"
"D37DF4B77EAC8F305CEF339460C3B590","34041","20140401181000","20140401185319","1","14","00069793"
"8A70F85BBDF2AD35B0C938F6CE37B022","34041","20140401191100","20140401191929","11","8","00069793"
"11C0D875E86B281BE4A27408DDD7FC40","34041","20140401191100","20140401191930","11","8","00069793"
"40D46C477EE916304D5EF6BBA99E200C","34041","20140401185800","20140401193602","14","5","00069793"
"26B7FA6538E74296B818FE78AE57019B","34041","20140401191100","20140401193606","11","5","00069793"
"865243E2EABD5775AAC8B73C8B038FAE","34041","20140401192600","20140401193853","7","5","00069793"
"4D5C7426AD5DCD9764DF300F39E3CB54","34041","20140401193100","20140401194015","6","1","00069793"
"E2ECC66DF2DBF89FC14D92352230552E","34041","20140401192900","20140401194023","7","1","00069793"
"8407EF7687BBAB8DBDFBFAE088614DA8","34041","20140401192300","20140401194028","8","1","00069793"
"51D158B828B0825F435A4D6D4F06916E","34009","20000000000000","20140401143036","0","4","00065526"
"807F0E64FE132DF66418FDAFEC41CD55","34009","20140122103400","20140401143808","3","4","00065526"
"D98D9EEBD2627C0751AA4798B5E3E8CF","34009","20140401143800","20140401144411","4","5","00065526"
"6066F0B98F021965D75A248ED8CF3498","34009","20140401143800","20140401144412","4","5","00065526"
"807F0E64FE132DF66418FDAFEC41CD55","34009","20140401143800","20140401145354","4","12","00065526"
"4183A62E2B426301958AC2D1C5D2AF34","34009","20140401144900","20140401150308","10","13","00065526"
"ECA3C4ABF0B62DE0B801739C00827B52","34009","20140401143800","20140401150725","4","14","00065526"
"C4397118ED40B9D8B8730B5D5CD23B8E","34009","20140401143800","20140401151102","4","15","00065526"
"38DFBAD7F9C8E25C4C7FC87CBE477BF5","34009","20140401144700","20140401151203","8","15","00065526"
"362D4207D06786698836236F140B0359","34009","20140401145100","20140401151400","11","16","00065526"
"9E2F17DD663CECC95D153ABB4D59F18B","34009","20140401145100","20140401151410","11","16","00065526"
"CA409EA7C81941376160F82B0123BE8B","34009","20140401144400","20140401151551","5","17","00065526"
"E6030FE6A3103DD23006E527C6495AF5","34009","20140401143800","20140401151626","4","17","00065526"
"E376A9E39D2B1D2423C7C2CAC2C0DD9F","34009","20140401153600","20140401154017","14","13","00065526"
"A74868E3AE98ABD518E561316E80143B","34009","20140401153600","20140401154053","14","13","00065526"
"C377E7A186B0C39BE32466D71691CA8A","34009","20140401151700","20140401154054","17","13","00065526"
"B20B15CD25460EF6B97B02D63930C70B","34009","20140401153100","20140401154615","14","12","00065526"
"1C13A5B50D732E6A274CE1AB2C892FEB","34009","20140401154300","20140401154652","13","12","00065526"
"1E20D8942DF89F3BACB1037D5642116C","34009","20140401153900","20140401154719","13","12","00065526"
"998236C7BE028B8DA0F34462437FE8D1","34009","20140401153600","20140401154943","14","11","00065526"
"87A0616D60632D22B176B224F4F2694C","34009","20140401152900","20140401155136","15","9","00065526"
"9C667004FF0FCBFEBDEECF6EEF2536CA","34009","20140401153700","20140401155246","14","8","00065526"
"E346E0D70C48FE38DC5EA6AF7F92DF7F","34041","20140401181600","20140401184203","5","11","00069793"
"FAFF4F3DDAD267A13BF770C8DA13F56B","34041","20140401181300","20140401184243","5","11","00069793"
"A04D66CC4DF837F8532C0D97F95508A9","34041","20140401181300","20140401184246","5","11","00069793"
"ECD4C94932A4432BA44E95C8315728C0","34041","20140401183100","20140401184250","8","11","00069793"
"CA331AFAA70A4D52AC19A6348DDD2A14","34041","20140401181200","20140401184251","5","11","00069793"
"D8941BDD1CA0337EDCC89ADCFE0E2F6E","34041","20140401181300","20140401184256","5","11","00069793"
"C8B34B7422D095D30A63D27E17F853CB","34041","20140401181200","20140401184259","5","11","00069793"
"E1FCAAF189D0D951E8D41D8B94A61E4D","34041","20140401183200","20140401184303","8","11","00069793"
"6CC97475D505C5B7B6CEDF14E7770D94","34041","20140401181600","20140401184624","5","12","00069793"
"5E344D1CEE277E3A8895FCF2E70BB9D6","34041","20140401181500","20140401184631","5","12","00069793"
"E721481AF2A87EA3EAA4E45CCD12EE4F","34041","20140401181000","20140401184634","1","12","00069793"
"AA852BB794E27CBFAA922B4166F3C5E3","34041","20140401181600","20140401184636","5","12","00069793"
"45E40F64D2BE48D5BA1E58B28C0D3364","34041","20140401180900","20140401184640","1","12","00069793"
"914BDA820B7E7536A29354B50A25D0EB","34041","20140401181600","20140401184642","5","12","00069793"
"754BE24F1896E2CD9AAD7466BBA4B961","34041","20140401183000","20140401184646","7","12","00069793"
"054A78D52CC13D7B6BCE0B8E55F9262F","34041","20140401181000","20140401184647","1","12","00069793"
"67A8A80A5505BF4159828C5D3928F3F0","34041","20140401181600","20140401184722","5","13","00069793"
"D04EF9236005F7EE6B353ABD8326A9AF","34009","20140401152500","20140401155252","16","8","00065526"
"4365C01BA0442302191E74382A2FC1B8","34009","20140401152500","20140401155256","16","8","00065526"
"165D73F79E239CE9497B72ACA44E658F","34009","20140401152400","20140401155258","16","8","00065526"
"37F3752FCA775A175D26D64963631B8E","34009","20140401154700","20140401155300","12","8","00065526"
"FEA814A655C9A87853FE13D5BD647440","34009","20140401152800","20140401155306","15","8","00065526"
"4A26CC5EDCDF27A232C6129C698693EE","34009","20140401152900","20140401155319","15","8","00065526"
"A74E03A7E20DE46D36E5C25221C3AE10","34009","20140401153900","20140401155343","13","8","00065526"
"6187B6281D03DCE560D41B15E11314D9","34009","20140401153700","20140401155430","14","7","00065526"
"33935E031B0C0406EF9FB245BDBFBB12","34006","20140401132500","20140401132834","6","7","00065545"
"C606F896D34554A8D6A93BEFCA166E74","34006","20140401132200","20140401133018","4","7","00065545"
"14DE05D600EC08E9C472587897EED2E1","34006","20140401131800","20140401133106","3","7","00065545"
"99B6114BBF5E979DA0EC751ACD8715BC","34006","20140401132800","20140401133950","7","8","00065545"
"0B12826BA3AE34D6EAC70F2B626223F4","34006","20140401132800","20140401134031","7","8","00065545"
"38329AE38C789A78470B4970409B1B98","34006","20140401132800","20140401134034","7","8","00065545"
"BF75BE6508BC4D1A4A3D7C5A86B7E7B0","34006","20140401131700","20140401134043","2","8","00065545"
"8055C80D4D677342267AE9DE169BB537","34006","20140401133100","20140401134126","7","8","00065545"
"78F8DE6563C3093420261F77DD4A212A","34006","20140401132700","20140401134134","7","8","00065545"
"E2CA1DE2AA3F34F4B56DB8E4AB9BB6ED","34006","20140401132700","20140401134136","7","8","00065545"
"10A18B8846E977B34EC653FF9A7F4395","34006","20140401132700","20140401134721","7","18","00065545"
"CBEEE9CD48EE1210843315BF9847F2BA","34006","20140401132200","20140401134725","4","18","00065545"
"A10FA40CAC616FD7209FEF22714CE259","34006","20140401132700","20140401134729","7","18","00065545"
"88E9FA99AEA5140ED4369A915B154A1D","34006","20140401132800","20140401134731","7","18","00065545"
"F43E13C80406B82235F8D640F942B333","34006","20140401131900","20140401134734","3","18","00065545"
"6A734FE6A5C45919388B9C142C17B0C9","34006","20140401131900","20140401134752","3","18","00065545"
"3A2EBFD55BDEB19C073DFCAE7D12899D","34006","20140401131600","20140401135053","2","18","00065545"
"DA55233BD41434258B022BC75B24A725","34006","20140401132300","20140401135246","4","18","00065545"
"155DD34F5EA71A60CE971B5F8E0DF8E9","34006","20000000000000","20140401135954","0","18","00065545"
"AC7752D74A2078E9C52DDC92441E1D1F","34006","20140401065800","20140401074027","17","2","00065545"
"DBACE87508F2E311C56073EE7EEEDC15","34006","20140401071800","20140401074049","18","2","00065545"
"44123A9802CA2E2F56075EC0F65EB00C","34006","20140401065800","20140401074050","17","2","00065545"
"3D1D41D338C6099EAD49B72A53C98236","34006","20140401071500","20140401074054","18","2","00065545"
"31082723B71785413B2786645D53F856","34006","20140401070000","20140401074055","18","2","00065545"
"08DCED6BE99116BFEC9A41E1D0EF9DDB","34006","20140401072500","20140401074057","15","2","00065545"
"A687B214320FC8B797B59C51791C9E79","34006","20140401072300","20140401074100","15","2","00065545"
"8E501EFB0DF673C2C4540D381B077F06","34006","20140401071800","20140401074101","18","2","00065545"
"8510E4053A39F0BEEAFDE11D0DE7D171","34006","20140401071200","20140401074104","18","2","00065545"
"76C7E203E2245731D616C24768DC31ED","34006","20140401071500","20140401074106","18","2","00065545"
"87F5C9C39B7E7B97AE6E592C1AE25A38","34006","20140401071600","20140401074108","18","2","00065545"
"D14432BCEECCBA7575FDA841C69D4664","34006","20140401072000","20140401074109","16","2","00065545"
"C968D55E4F4068B209BA090586224B77","34006","20140401071800","20140401074114","18","2","00065545"
"1454832ED06ED7A9FBF19CB1AA80ADA5","34006","20140401115500","20140401115718","2","3","00065545"
"D974F4FEC85A40FE97829CCEA96C7AEC","34006","20140401115800","20140401121419","3","6","00065545"
"3358B4710C11DB9E7E5EAB5B7B13DF80","34006","20140401115700","20140401121423","3","6","00065545"
"EF258FE9A21F4AD3C42327EE79E86E46","34006","20140401115700","20140401121426","3","6","00065545"
"B18AE2C87043CA04ED232A14FC197FCF","34006","20140401115800","20140401122418","3","18","00065545"
"12CBE41D9197E2740BAD19371A991BF0","34006","20140401115800","20140401122421","3","18","00065545"
"73CD40F2143E6E8CD396DAE09C49645B","34006","20140401115700","20140401122615","3","18","00065545"
"7152C47115BBDAFAAEEDAD7FAE0C42D3","34006","20140401115700","20140401122625","3","18","00065545"
"33054C5148D631D832B0C0D283994B25","34006","20140401123400","20140401123931","18","15","00065545"
"ED4281C32C3201A4C5E47094388E6778","34006","20140401122100","20140401123935","18","15","00065545"
"5B6E3A86E0471DBD93C086293F3EC90A","34006","20140401123400","20140401125148","18","3","00065545"
"3D96B751307B4DD3F4E1A0AAC9D62CC6","34006","20140401123900","20140401125208","15","3","00065545"
"5DE3E7C86AAFE04F1EA7D99F5DD525BC","34006","20140401123400","20140401125209","18","3","00065545"
"7CBB711F48C70D2CA5BFD33C0A07348F","34006","20140401123800","20140401125213","15","3","00065545"
"7A0205F37AD8649D489F0F081D9F0552","34006","20140401123400","20140401125218","18","3","00065545"
"83C30CE2FD6C2BD04E4CEA9A74B36B42","34006","20140401122600","20140401125224","18","3","00065545"
"9CF3FCC3F1C312363A29A941240ADC06","34006","20140401122100","20140401125227","18","3","00065545"
"0EB6B160BA1FC8FA56ABF8FB9662FEC0","34006","20140401122800","20140401125229","18","3","00065545"
"B8B50A0D6D4E4365275A6386CD8E2A73","34006","20140401123400","20140401125231","18","3","00065545"
"C07F55D084B6F4ABA5E1CBD0D98C84E1","34006","20140401141300","20140401142626","14","5","00065545"
"0C2B805AB47456268D9EF2FF618524A4","34006","20140401141300","20140401142628","14","5","00065545"
"16C90A27C6BA359656B5BDCB3D793566","34006","20140401142300","20140401142840","6","4","00065545"
"36192CB2E060D763CB007EB7A0BF03C4","34006","20140401140500","20140401143222","15","3","00065545"
"BCC652329D8C0FE0589BE34CCA71DB23","34006","20140401142300","20140401143301","6","3","00065545"
"93B7A07CD393D7498EA8250042EE3EDD","34006","20140401142100","20140401143306","13","3","00065545"
"7246D906F105D9B29BD7085F4BAC4E1C","34023","20140401180900","20140401184844","6","18","00069624"
"05F42B75E1606B3FC7C3EC513294495B","34023","20140401180500","20140401184934","4","19","00069624"
"907A2C97A1A1379B2AC2225F33BDCC02","34023","20140401181200","20140401185114","6","20","00069624"
"E503B8EBFC54A8CB58045F4384A5CCAF","34023","20140401181000","20140401185145","6","20","00069624"
"C7F659A30A5FA506FBEB9A4E6824F417","34023","20140401180500","20140401185234","4","20","00069624"
"746C6402D10814C173298346D2037A69","34023","20140401180400","20140401185236","4","20","00069624"
"0BC09108CFC59B95EE5FA799D38C07F7","34006","20140401071500","20140401073649","18","5","00065545"
"87242AFBEB913C194DD8416E65CA1E29","34006","20140401123400","20140401125319","18","2","00065545"
"63B651231D8B07979C35EA5AB7905A38","34006","20140401132500","20140401132825","6","7","00065545"
"01C1EA064AC7D53DEBDF2ACD557740AF","34023","20140401170700","20140401174719","20","5","00069624"
"1F7F0DB1F6E5973594AFD11ED3AD7BFD","34023","20140401172100","20140401174735","14","5","00069624"
"81D5EC19759072AA65EAD65D1FF862B3","34023","20140401171600","20140401174756","16","5","00069624"
"886D5A624D05441E038F6B408DE23333","34023","20140401172100","20140401174758","14","5","00069624"
"D6F8E517B2A4858316D3CB3B30B0AF78","34023","20140401165800","20140401174800","21","5","00069624"
"6A43F5BFCD7173F49E3DD9DD135285F2","34023","20140401165800","20140401174801","21","5","00069624"
"41D31F43275F55F64B0D6DDA55297D45","34023","20140401174800","20140401174937","5","4","00069624"
"E9C572BEA123400E44F031D199A762FA","34023","20140401174700","20140401175015","5","4","00069624"
"EF5DADF8BC22972800FA6F7BAD6BAC6E","34023","20140401181000","20140401181412","6","6","00069624"
"6A8C1FB547E8DF1933932EF974817158","34023","20140401181000","20140401182015","6","8","00069624"
"6BD97CBE0CBBEEF7823C221D58F19C97","34023","20140401181000","20140401182123","6","8","00069624"
"F07B6E84A99CB8F8BE13CE69962EC813","34023","20140401181000","20140401182403","6","9","00069624"
"406DA63C9643E8913C4F8C19B45B9D9D","34023","20140401181000","20140401182408","6","9","00069624"
"F9967A2C32CF9D0E7012D0070F2F0CF8","34023","20140401181000","20140401182409","6","9","00069624"
"E51FC45AA4C8C48D093DCF19C5314E9C","34023","20140401181000","20140401182713","6","11","00069624"
"DB3291FEDC03B02D2606EF9774BDDF16","34023","20140401180900","20140401182855","6","11","00069624"
"7E008A798952FB93851808E260F949FB","34023","20140401180700","20140401182856","4","11","00069624"
"D3ACE6DF69C9EFF4B447B748792A37B2","34023","20140401180900","20140401183041","6","12","00069624"
"52B56394C8422C16796EC44493FC5370","34023","20140401181000","20140401183658","6","14","00069624"
"F91E51DA485BC3D7CDD00D81C3FF1AEC","34023","20140401182100","20140401183750","8","14","00069624"
"C06B3360AA131E1FD99515C513EE804C","34023","20140401180500","20140401183751","4","14","00069624"
"D7EDD0AE608646351BEFAD8B0791C4EB","34023","20140401183700","20140401184021","14","16","00069624"
"67BFF7E3818EBFCE266C3CB4CF815006","34023","20140401180400","20140401184036","4","16","00069624"
"4322BA909B2F18A0F19EA07F7F040EDC","34023","20140401180500","20140401184048","4","16","00069624"
"B40BFE41B858548B02AFE08CBDFF473A","34023","20140401181000","20140401184140","6","16","00069624"
"1C17EB836DFC3DA34CD591A2EDE3140F","34023","20140401181000","20140401184143","6","16","00069624"
"C1ED8BEDB9C8B903B7B710ED7625FAF6","34023","20140401181000","20140401184153","6","16","00069624"
"418387BB98D47E5EA85FADFE24F5A814","34023","20140401180800","20140401184218","6","16","00069624"
"60F9ED5316AEEBFCB961C46B2FDE5794","34023","20140401180500","20140401184356","4","17","00069624"
"70CEEC2D12BBEBFC59B919F00B70DE68","34023","20140401181000","20140401184441","6","17","00069624"
"614A2189C1B1343B822939A933A418D6","34023","20140401180500","20140401184659","4","18","00069624"
"8FB90C958D62EC1C3F597A169C7C9CD9","34023","20140401180500","20140401184709","4","18","00069624"
"C3F21C24F603179E54A2857105381808","34023","20140401180700","20140401184711","4","18","00069624"
"30A7991086B186C9F85EA966395CC608","34023","20140401181300","20140401184718","6","18","00069624"
"C39F03CFC459FF8F9FAD983A1A920322","34023","20140401181000","20140401184747","6","18","00069624"
"249FE260E867A0CBF152A64C275E3523","34023","20140401180500","20140401184752","4","18","00069624"
"C86682C444252310EC96C333FDE5DA4C","34023","20140401181000","20140401184753","6","18","00069624"
"B2D863C8A862DCC875F7B29F45324BA9","34023","20140401180700","20140401184755","4","18","00069624"
"98E16D984257EE260A76DE82C5CC2516","34023","20140401180500","20140401184756","4","18","00069624"
"04B3D3F1BEEE96586B214AEE3BA36D55","34023","20140401180700","20140401184759","4","18","00069624"
"7BD2E08B336B96F92FACA2A11A499452","34023","20140401183600","20140401184814","14","18","00069624"
"605DE786D1017423EE8DE6414A5936E5","34023","20140401171000","20140401172842","18","11","00069624"
"FF085EBD77F970986D430FE4B243778F","34023","20140401171000","20140401172843","18","11","00069624"
"7F3BEE238C0814C9BA8D9713954A43A1","34023","20140401171100","20140401172853","18","11","00069624"
"D92E12D22A01A8D9F6A6640041F6F3B2","34023","20140401171000","20140401172905","18","11","00069624"
"9A9F17EF6538D52B5BAB72FE48B98C9A","34023","20140401173300","20140401174054","10","6","00069624"
"8818817DAC55E8E93E704AAB0D53CF7A","34023","20140401171000","20140401174257","18","6","00069624"
"06E0D884770627FBCB16862F1D501248","34023","20140401171800","20140401174408","16","6","00069624"
"057C4E561A3A70206F57A51C2DFCB030","34023","20140401173700","20140401174511","8","6","00069624"
"F81ABFA4631C42B864BE69C10F026FBF","34023","20140401173700","20140401174605","8","6","00069624"
"4C53BCFF3B6B0DC692944D7AD4317E11","34023","20140401173700","20140401174633","8","6","00069624"
"0C4A69854ACE1E076752F64C255D08DD","34023","20140401173700","20140401174635","8","6","00069624"
"E735133DB4A7AB61FA2944D8A81AB1A7","34023","20140401173500","20140401174703","9","6","00069624"
"0C7B8EA4AC3E774FDE9C796B9E3677A2","34023","20140401171700","20140401174706","16","6","00069624"
"F5D8D2125848CCDB11ABD8968E4A445D","34023","20140401165800","20140401174707","21","6","00069624"
"C84CE4784455E789987251F4F2765609","00816","20140401063800","20140401075345","20","37","00017505"
"5CCCB2A8FC498A7556EA97411E1990D3","00816","20140401063900","20140401075347","21","37","00017505"
"A907ECE2156B62519C53A15EE4643D99","00816","20140401100700","20140401110944","37","21","00017505"
"D0FF0263BB9B1468E1A04CBC40366D1F","00816","20140401102900","20140401112315","35","11","00017505"
"BD53E1AD0D6912E2D452C4E04FCF63EF","00816","20140401105500","20140401112445","29","10","00017505"
"FBD8F9641D11508A6F85E3498916B239","00816","20140401105300","20140401112949","32","6","00017505"
"43168D1AAA0E851D520AFCB60C279AE9","00816","20140401110800","20140401113154","22","5","00017505"
"523AA029E545AAF3B41634FF5ED06E5A","00816","20140401112600","20140401113313","8","4","00017505"
"6DBF623D1EBD97D4E7300F9CAAE51E86","00816","20140401104300","20140401113601","34","2","00017505"
"2166BF8FCA2499BA009D47F16D1CA301","00816","20140401104300","20140401113613","34","2","00017505"
"2ED43BDD47F5BACC64940AD1B7C56087","00816","20140401123300","20140401125140","4","19","00017505"
"88B7CAB2E8C39D7BC199DB57FE0BE782","00816","20140401123600","20140401125702","6","22","00017505"
"1783E6B6EE2EEB421E720E404776DE38","00816","20140401131100","20140401131723","29","30","00017505"
"1A2CB12590545317AEDAD00F3123FFA1","00816","20140401130100","20140401133934","24","37","00017505"
"BF4474AA1E1B95E472B9770734031A75","00816","20140401130100","20140401133938","24","37","00017505"
"E4EA13845452020DD7B5F105EAB23226","00816","20140401130100","20140401133945","24","37","00017505"
"74F9A251E329567630B86573FBB9FB3C","00816","20140401123300","20140401135444","4","37","00017505"
"C621EBB975393C593F24CD1B0D04A5DC","00816","20140401131500","20140401135502","30","37","00017505"
"1824A2447EDB941483B0C47F5622723C","00816","20140401130400","20140401135504","25","37","00017505"
"F58077A4802F3F3C46DB663C169A6174","00816","20140401131000","20140401135507","28","37","00017505"
"E6CAD02002AB3AD7B972B711C04CA144","00816","20140401133800","20140401135508","36","37","00017505"
"1BFCA717997255F2F169BE7224366796","00816","20140401131300","20140401135510","30","37","00017505"
"A2F475B887ED73D25BB4AEE05194DE5F","00816","20140401131000","20140401135521","28","37","00017505"
"3C74CB8A207A7A72338330FF0518F56C","00816","20140401140200","20140401142129","37","35","00017505"
"9C715347454E99369E126B6E0F9FC4D5","00816","20140401140300","20140401143702","37","34","00017505"
"4C762D898526758771489CFA8451568D","00816","20140401142100","20140401143703","35","34","00017505"
"B7BBB4A75EB75EDD4DA9382EA46A3F4B","00816","20140401140300","20140401143758","37","34","00017505"
"6D349E60378CC1F3FE8E118F973963E2","00816","20140401140300","20140401143800","37","34","00017505"
"CE64E3A142A3417397F3419BC47F57D7","00816","20140401140200","20140401143903","37","33","00017505"
"B48D66909E2270D35B21760C93A608CD","00816","20140401135800","20140401144017","37","32","00017505"
"CCA4BDF0133709DF7F4D0A07ADBAED58","00816","20140401082000","20140401085158","36","37","00017505"
"C6F20C5E65673248C34ACD5F07A67C5E","00816","20140401081800","20140401085203","36","37","00017505"
"9DA3EDFBD34A5CD0F4D9005D356798B2","00816","20140401081700","20140401085203","36","37","00017505"
"00CE8DD4ADB0628EDF8C07B3DB24D235","00816","20140401081800","20140401085206","36","37","00017505"
"3BF27CC628179DFFB2AB9E8534DCF815","00816","20140401081700","20140401085209","36","37","00017505"
"D709611BE1DEF816AEACDAD3A9017322","00816","20140401081700","20140401085210","36","37","00017505"
"F126B99464A6E6F5A331BE7BFF8F4631","00816","20140401082000","20140401085211","36","37","00017505"
"1711433FF737D827367AEBFECA3E5475","00816","20140401082000","20140401085214","36","37","00017505"
"B09FE213DD1B7ADE6574FDDEC9B4860A","00816","20140401082100","20140401085216","36","37","00017505"
"6A43A8E48768F2C2659BD7E5E125839B","00816","20140401081800","20140401085219","36","37","00017505"
"7D9A3E0D8DB69347EEE37B422A055A0E","00816","20140401082100","20140401085221","36","37","00017505"
"A519F6FC75B4D700288B69ABD9B25F60","00816","20140401081800","20140401085222","36","37","00017505"
"851D1C26D3A24841E2908C4A6042B585","00816","20140401082000","20140401085225","36","37","00017505"
"669093B8A21B51051ACB296B6BFA97CE","00816","20140401081700","20140401085226","36","37","00017505"
"CD1C870F30045D57C68BDD36ABA6E9CC","00816","20140401101000","20140401102620","37","35","00017505"
"F49FDBC9CF5F2DDD6DEE5CB41242A99C","00816","20140401101000","20140401102813","37","35","00017505"
"92F1041A1DAFB9143625809C0CE01834","00816","20140401101000","20140401104254","37","34","00017505"
"6ED3D2AD3E7E612941F289E262A04863","00816","20140401100800","20140401104333","37","34","00017505"
"90C29FCAE0B1E9D2F03EEF27E8DF7BE1","00816","20140401101000","20140401104415","37","33","00017505"
"AA305DF74E77DA1AA7626757A49777C4","00816","20140401100700","20140401105104","37","33","00017505"
"AEB50183B56FCE7E9B06B2C25A24F25E","00816","20140401100700","20140401105213","37","33","00017505"
"05965CF240D85FEBF057E70B366D1AF0","00816","20140401101000","20140401105315","37","33","00017505"
"40CC389472EF3507CFCD9476C4661427","00816","20140401104600","20140401105532","33","29","00017505"
"3729781A28410BC20115DB12249A37D7","00816","20140401101000","20140401110157","37","25","00017505"
"9B91949730C83831A7CDDB94A96E4AFC","00816","20140401104300","20140401110204","34","25","00017505"
"91C3642E4E266E06BD9F029AE94B756F","00816","20140401100700","20140401110353","37","24","00017505"
"9FCDE0C6F7A526E99A1DA5ECBB487BB1","00817","20140401170400","20140401171119","9","13","00017512"
"8012A65D9B8F1F3A893A0B54417949D4","00817","20140401165400","20140401171542","4","18","00017512"
"01DCF38BE9CDBBC88B656482BB248A4F","00817","20140401171200","20140401171939","14","19","00017512"
"E2BEFFAA0BCBBC4A8C08F1894415BA83","00817","20000000000000","20140401172545","0","22","00017512"
"47EAB7300484F89B3762CBEC915EACB1","00817","20140401170100","20140401173113","8","23","00017512"
"A6116EF68D6E2C259A2E2338386996EE","00817","20140401181400","20140401190308","28","24","00017512"
"033815560DBEC8793CAC6582E695AB16","00817","20140401181400","20140401190452","28","24","00017512"
"B06472031B6110E08EC7CFBC6D23355C","00817","20140401181300","20140401190453","28","24","00017512"
"B09AC64B6D4BBA247DC885B6173970FB","00817","20140401181500","20140401190456","28","24","00017512"
"8A4653EE58478A41EB1B174108A59B51","00817","20140401181500","20140401190458","28","24","00017512"
"BBAA3158CB7705573623A3B1B46670C2","00817","20140401181500","20140401190500","28","24","00017512"
"F19E820533DFC92E8D16600C9FA94C69","00817","20140401181500","20140401190502","28","24","00017512"
"7847F0AD7795B1E71F0438C68604F607","00817","20140401181500","20140401190634","28","23","00017512"
"649B9505FA15027E27ADA72604AEB650","00817","20140401181500","20140401190707","28","23","00017512"
"5FB0CCAFB0FEE1F54C105A561A05E2A6","00817","20140401181500","20140401190811","28","23","00017512"
"25973053300C497BDDEAC9ADD27BCB05","00817","20140401181400","20140401190825","28","22","00017512"
"9A9B5D1B80961E952CB05E30968297DA","00817","20140401182200","20140401191227","28","22","00017512"
"744207858FA193BA6FCB5D2324CCC389","00817","20140401190700","20140401191236","23","22","00017512"
"3453B561EF23CC7C6C1DB1F502CC0871","00817","20140401171900","20140401173232","19","24","00017512"
"51DF98BA0CE2553D07C233CF0DCB5374","00817","20140401172200","20140401173448","21","25","00017512"
"A306448902AA570311151A5A8B76F785","00817","20140401083600","20140401173452","24","25","00017512"
"0A723713388B5FB434397D7C16AF9242","00817","20140401170000","20140401173457","7","25","00017512"
"FDF488B238A54F7244DABF60EB4FA98A","00817","20140401172500","20140401173600","22","25","00017512"
"61CB5403CC1A327385C6C0E784441054","00817","20140401171000","20140401173602","13","25","00017512"
"368220EB7504CE645666116BCB4C117A","00817","20140401165400","20140401173604","4","25","00017512"
"02FEB80FEA880C6C469C064FCC499528","00817","20140401172500","20140401173606","22","25","00017512"
"01830974E1882F2FBDDB4FE1157F044D","00817","20140401171900","20140401174032","19","26","00017512"
"2166BF8FCA2499BA009D47F16D1CA301","00817","20140401165600","20140401174126","4","27","00017512"
"6DBF623D1EBD97D4E7300F9CAAE51E86","00817","20140401165600","20140401174131","4","27","00017512"
"BE5723976982302B6DF0A95A77BD7740","00817","20140401171900","20140401174156","19","27","00017512"
"A306448902AA570311151A5A8B76F785","00817","20140401173400","20140401180845","25","28","00017512"
"343F2AF0344E0E5D1E0C07818ACBD58D","00817","20140401174200","20140401180850","27","28","00017512"
"97F56B1F1639741113A55A6AC47F7799","00817","20140401172600","20140401180903","22","28","00017512"
"4C4282C74C99C10422E74A1FDAAEC0CB","00817","20140401171400","20140401180909","16","28","00017512"
"B8BDE4CA0F1F49316F5F95C304DD4A4C","00817","20140401174100","20140401180922","26","28","00017512"
"6D4BCAA64A12F3689D27AF3BD66CC26A","00817","20140401172500","20140401180945","22","28","00017512"
"333610ACA2A4E81E5A5A7082AFC7CFD1","00817","20140401170000","20140401180952","7","28","00017512"
"84CED5607EDAB8E344076C0B55979061","00817","20140401172500","20140401180957","22","28","00017512"
"6B737E489DC828D458B05DDF708FEB3E","00817","20140401165600","20140401180958","4","28","00017512"
"F45618AC425F856799159F522A51B665","00817","20140401171200","20140401181007","14","28","00017512"
"E2BEFFAA0BCBBC4A8C08F1894415BA83","00817","20000000000000","20140401181009","0","28","00017512"
"39FB59FCBE1DC57ACAAD490C8C002FB8","00817","20140401172500","20140401181011","22","28","00017512"
"E964472A14CA20F50308F432ABC0CC4A","00817","20140401181500","20140401181638","28","28","00017512"
"3A6955D29CDCBDD8D4EF95F0866265F2","00817","20140401181400","20140401185445","28","27","00017512"
"1F93235B26D39B46461A2A74911D71FE","00817","20140401181400","20140401185526","28","27","00017512"
"3E519661DB6462E1872EBB6160893591","00817","20140401181400","20140401185644","28","27","00017512"
"08BF6873AEC0396CA01BD62D89B58C1D","00817","20140401181500","20140401185709","28","27","00017512"
"B89E674B3F952821B0C7728DB6C1F6FD","00817","20140401181500","20140401185727","28","27","00017512"
"CC19F5DCA744ACB23E58DF4AC27B348F","00817","20140401181500","20140401185801","28","26","00017512"
"362EC07A6A8789D146A7868023B286CD","00817","20140401181400","20140401185813","28","26","00017512"
"0FF1CF322FB0F872FE5AE3F35074173E","00817","20140401181500","20140401185833","28","26","00017512"
"AC963EA4FB38BE65F7EF213ED03C0637","00817","20140401181500","20140401190125","28","26","00017512"
"A6B9B6C78AE75FB0DA0F14ACF6E89C7B","00817","20140401181400","20140401190148","28","26","00017512"
"A8BABDBD14018802838C5FB8BA1C484F","00817","20140401181500","20140401190209","28","26","00017512"
"D653B8310F87F16172CD778DD819C4DF","00817","20140401181500","20140401190237","28","24","00017512"
"CB903E11905174EF37E14D75CE1C8606","00817","20140401071000","20140401073813","11","23","00017521"
"25DBDE9CCD0CC0811563A785D3319821","00817","20140401065900","20140401074548","4","25","00017521"
"5466B6F47AF4FF11A9C383E79764E236","00817","20140401070000","20140401074551","6","25","00017521"
"C7EB6B09FFA59C3A60DEEF059C0B792B","00817","20140401070000","20140401074628","6","25","00017521"
"DEF4E858BF03E58E88AFBAE79309C358","00817","20140401072200","20140401074727","19","25","00017521"
"0170EE24CB155176F5B6833DC6F06C5A","00817","20140401070200","20140401074751","7","25","00017521"
"A449C85EB74869D2435C7F89C3BD1016","00817","20140401072900","20140401074833","22","25","00017521"
"01A5C5F99EBA31F84A8F3E1B2739B16A","00817","20140401093400","20140401105848","28","4","00017512"
"03DCA817854696EBC36BF301247E44B5","00817","20140401165000","20140401165339","1","4","00017512"
"A1BB5709C97958EC311194DD6643142D","00817","20140401182700","20140401192316","28","22","00017521"
"CF93C2D189A9A5AC918F24959B6F59DC","00817","20140401182700","20140401192322","28","22","00017521"
"8A0707F6A503D691F603C4618C6F2916","00817","20140401190700","20140401192325","27","22","00017521"
"EA32D2638E0073FCD350252DFB0F2855","00817","20140401182400","20140401192451","28","22","00017521"
"6BA631F4322C93C817E6049E32146B86","00817","20140401182500","20140401192508","28","22","00017521"
"8589EAFA842746F153980B870C2BF23D","00817","20140401182500","20140401192512","28","22","00017521"
"63F10F1845A5719D35E0C067C6D9C826","00817","20140401182300","20140401192518","28","22","00017521"
"03174647DA6D2846C0496C8DE5EAA889","00817","20140401182700","20140401192650","28","21","00017521"
"C13D7AB1D7F3AB09C648C7C5A22B30F5","00817","20140401190700","20140401192814","26","20","00017521"
"C6B5BE4C022A7E88258A5DBE8C15B652","00817","20140401191900","20140401192914","23","19","00017521"
"37B41D9CA027106EF3E0BCCC26416F9D","00817","20140401182700","20140401193313","28","17","00017521"
"84F92632A930ED82041362F7E1F223D1","00817","20140401191900","20140401193708","23","14","00017521"
"EF9A9BC88C4674450F29420AB7A99A0B","00817","20140401190700","20140401193852","27","12","00017521"
"A677B2006D21A0D060EDD76A2A99BF14","00817","20140401070200","20140401075142","7","25","00017521"
"52A1ABC06896290BC99B1BFC030FCB27","00817","20140401075200","20140401081409","25","28","00017521"
"932E9A3627218190EA49CD12E98DE956","00817","20140401075400","20140401083243","27","28","00017521"
"BE52EA939637200C2E4498339C8D36D3","00817","20140401073000","20140401083249","22","28","00017521"
"3E56501A405225A245A601CC6ED49451","00817","20140401075300","20140401083733","27","28","00017521"
"E7823256810C1425EF9FE521DD798753","00817","20140401074500","20140401083850","25","28","00017521"
"67FD412D2E8278E5B1F832150D80D19F","00817","20140401074500","20140401083851","25","28","00017521"
"B38809F2CD57B22847255E07EF386025","00817","20140401075400","20140401084120","27","28","00017521"
"F8D04E89C1E8D8ED0635987009E32937","00817","20140401074400","20140401084221","25","28","00017521"
"0E7757B61C120BF2C1FD672971177485","00817","20140401075200","20140401084240","25","28","00017521"
"56BE1465EE5D21053E019E65927C1FA6","00817","20140401074100","20140401084244","24","28","00017521"
"6AACCFB530EC1693AED27AE6F2DAB08D","00817","20140401074100","20140401084605","24","28","00017521"
"30F43947FC5933BB56315DD167B7CE12","00817","20140401072500","20140401084608","21","28","00017521"
"4C1DB21D4719C6FD735B04ACE842E5D7","00817","20140401072900","20140401084612","22","28","00017521"
"1C277F8737EB1DE052CF7471E803289B","00817","20140401073000","20140401084615","22","28","00017521"
"7311B2EFD09C62C4407B0A5F2BCB0951","00817","20140401073900","20140401084616","24","28","00017521"
"74BE9B9029354929D123D829F2B7D390","00817","20140401074200","20140401084618","24","28","00017521"
"5D1C3F9D65DAB988DE7AC90207E85378","00817","20140401073800","20140401084619","23","28","00017521"
"A4C271E751E55E3B782319407681FBBC","00817","20140401074200","20140401084620","24","28","00017521"
"5FB0CCAFB0FEE1F54C105A561A05E2A6","00817","20140401072900","20140401084621","22","28","00017521"
"95ACDF67DA949FB82FBE5E5FF478F27C","00817","20140401072900","20140401084623","22","28","00017521"
"36681FA93A5CCB6428591965EE02DFAE","00817","20140401071800","20140401084624","17","28","00017521"
"449915A45BFF429F3DD5D00CADBE3CFB","00817","20140401072900","20140401084625","22","28","00017521"
"4C77BBB13DC027DBD4E6975B33AC2CDB","00817","20140401072900","20140401084630","22","28","00017521"
"49484F7A47D410B6533CC52732CEEB73","00817","20140401072900","20140401084631","22","28","00017521"
"6974F1DBE1316A34D596E9B5B35BD91E","00817","20140401072900","20140401084632","22","28","00017521"
"76B5DA87DBBC63CF49A4A329B59BE89F","00817","20140401072900","20140401084633","22","28","00017521"
"03B936B95374B362E5AFC6ECDA567AA0","00817","20140401074100","20140401084634","24","28","00017521"
"68B995B3C18E798AF1BF7807CD794397","00817","20140401072900","20140401084635","22","28","00017521"
"0125DDCC0A39901E5BD27C7B24F377FD","00817","20140401070200","20140401072146","7","19","00017521"
"15BE8678A1062E4364EC58976B0EEE25","00817","20140401070200","20140401072234","7","20","00017521"
"7B38B1EAE55D26D38972DD72892B0C40","00817","20140401070600","20140401072307","9","20","00017521"
"7A0E57FE76D2E596C65EB3241220EC26","00817","20140401065200","20140401072348","1","20","00017521"
"31559CE638B58992F793CED264954EF4","00817","20140401070300","20140401072444","8","20","00017521"
"DD969006BD80A9BA9315C108C2C02555","00817","20140401070000","20140401072510","6","21","00017521"
"EF9A9BC88C4674450F29420AB7A99A0B","00817","20140401071100","20140401072829","12","22","00017521"
"B77ABA32BD92C5E9AF76CD31EAA09169","00817","20140401065800","20140401073407","4","23","00017521"
"03E680B8FF9DCEE884675075AAD4BFC2","00817","20140401073000","20140401073436","22","23","00017521"
"99EBC8617DC27CE85780C8AFEF034D4C","00817","20140401072500","20140401073443","21","23","00017521"
"9D1F5268872A94DD8F9E60C7B058B953","00817","20140401072200","20140401073455","19","23","00017521"
"0B12DF4F870F79E1410B94985B51B38C","00817","20140401071200","20140401073456","12","23","00017521"
"68A266C2CAFBD92DBB88EE9D473274E9","00817","20140401070300","20140401073503","8","23","00017521"
"23B9F8277F19C54EC5D984350D93760A","00816","20140401093000","20140401104026","31","37","00017499"
"5448102B6DD0591A73046880246DF8BB","00816","20140401093300","20140401104032","32","37","00017499"
"A4D8ACCC31E6B671C590DF2B12E3FFD9","00816","20140401095900","20140401104034","35","37","00017499"
"B9817510653D8D35DE874CD50BF8A9DB","00816","20140401091200","20140401104041","22","37","00017499"
"A540E6B2CD2DFEE1F1B37C60F2FEAEE7","00816","20140401092000","20140401104043","26","37","00017499"
"AD57253F9DCF0424644A52186CCF3740","00816","20140401083700","20140401104047","2","37","00017499"
"2114F0B610F1C5490E1D2875EAE3B533","00816","20140401104500","20140401110732","37","35","00017499"
"10EA26E2C11DFE6006B770B424D7977E","00816","20140401110700","20140401112454","36","34","00017499"
"37A9741B864878D9594E5A26C7FAD26F","00816","20140401110700","20140401112457","36","34","00017499"
"59F152CBDBF17ED661A3771671F4AF8E","00816","20140401104500","20140401113022","37","31","00017499"
"65D0B3892FC08CC62AD7DF16CD24C47D","00816","20140401104500","20140401113024","37","31","00017499"
"C1384D0E8EBF1A13C7DE1896682C0947","00816","20140401104500","20140401113029","37","31","00017499"
"62B203A2A768457F6798BA0C5978CE3D","00816","20140401113000","20140401113250","32","30","00017499"
"C0710EC4B87A46CDE020BD00B726490E","00816","20140401110600","20140401113647","36","28","00017499"
"3AF12064A3E2DD8CC5FDCEA1E542F29B","00816","20140401104500","20140401113706","37","28","00017499"
"0A8A669B934298CF9FFAF2F9C8D7768D","00816","20140401105000","20140401114611","37","24","00017499"
"7792EFBBE8B4166BB9B7935B85671123","00816","20140317163100","20140401173546","34","34","00017499"
"7792EFBBE8B4166BB9B7935B85671123","00816","20140401173500","20140401174613","34","35","00017499"
"13B5D6B08B0E60C0CEAD51A6540B8A20","00816","20140401173300","20140401174908","33","35","00017499"
"9E8B2D93E7B424D2AC248CCFDEA2FF4D","00816","20140401172000","20140401175152","27","35","00017499"
"7FD56B75DA7F1AF69211CC8CAC82A38B","00816","20140401172600","20140401180827","30","37","00017499"
"8FBE43C154E94016A7D7F3285A53F22E","00816","20140401165000","20140401180906","9","37","00017499"
"CEA2D0D4C8D69B28B794F4B474434DEA","00816","20140401172800","20140401180910","31","37","00017499"
"0B6F1ABBE8376BC0F28F122222321F5B","00816","20140401173500","20140401180920","34","37","00017499"
"D9D01B6561F48531604FA70F6F0BF29D","00816","20140401171200","20140401180934","24","37","00017499"
"3FFE4710922E924A74DB0A91B9599F98","00816","20140401172800","20140401180936","31","37","00017499"
"5C6402359A7E593F878FF7993DA33B5C","00816","20140401172800","20140401180937","31","37","00017499"
"764EECDF1E864A0765C7300D21FA27AD","00816","20140401173500","20140401180940","34","37","00017499"
"BEF3F4520CEE667A5671CEDA047CA217","00816","20140401165000","20140401180941","9","37","00017499"
"BC59DEE80EB5CBD0A8527FC912A34F80","00816","20140401175200","20140401180944","35","37","00017499"
"3E62964A202E785BC5099D2AFF34136B","00816","20140401175200","20140401180945","35","37","00017499"
"7447B0B4C5E42AC1809EEE20106571F3","00658","20140401175800","20140401190209","8","26","00013140"
"22B90B9555D278226387D2B5550B1E0E","00658","20140401185700","20140401190238","25","26","00013140"
"9D5941B41862B7AE65F6F9C44D1755BF","00658","20140401183700","20140401190239","20","26","00013140"
"3985EFF029825F04E560CB7482EF0CE1","00658","20140401185900","20140401190243","25","26","00013140"
"0F6893775285CDACC8363AD6F532D5CD","00658","20140401185900","20140401190244","25","26","00013140"
"D9E414EB201D42FBBE30C7B14621B5B4","00694","20140401092000","20140401095349","31","19","00013156"
"CDFDCDDA6CFFB78D1DB5AC80DF4D853F","00694","20140401091300","20140401095354","32","19","00013156"
"3F5103DC5A96CE77358BA7820E89A6F3","00694","20140401092900","20140401095416","28","16","00013156"
"A381099850E7882F28458267C6667CEA","00694","20140401093500","20140401095426","27","16","00013156"
"4302E298DDEC156EDEE2D1A3B2082AF1","00694","20140401093500","20140401095722","27","16","00013156"
"AF172DCCA1E8C571019D6393CB358557","00694","20140401090700","20140401095908","34","16","00013156"
"1BE46F1FEFD8C5AC123EBED67AC5312A","00694","20140401095900","20140401095916","16","16","00013156"
"36E70474F4D3212FC52B378FA343EE0F","00694","20140401095900","20140401095931","16","13","00013156"
"DE0378CFBF14AC285940D887A1FBD7A7","00694","20140401093500","20140401100054","27","13","00013156"
"7C91E6DA148E744923E5A8EBA3C2C8E1","00694","20140401093500","20140401100204","27","13","00013156"
"910C8E1E00362F01861919DA0DEDDEC5","00694","20140401095300","20140401100221","19","13","00013156"
"B521F4AB8595270767B4531F8FB84162","00694","20140401090600","20140401100248","34","13","00013156"
"C5420F15B38211F98583318D82E8764E","00694","20140401095900","20140401100250","16","13","00013156"
"5056A9B3D85F32A94D34F21C5EB2B598","00694","20140401092000","20140401100252","31","13","00013156"
"FCCC768C672908D4D1CBA85B52EE66B2","00694","20140401090700","20140401100254","34","13","00013156"
"507A2C32D7AAAE274029229C8403B520","00694","20140401095300","20140401100308","19","12","00013156"
"8F320E2713BEE7F426B0E01F1142E74B","00694","20140401095300","20140401100312","19","12","00013156"
"BB57E791B8B877AD19F45CF633C7E366","00694","20140401095900","20140401100317","16","12","00013156"
"F83A3419DC33F4C6E54DD0690A5C3550","00694","20140401091300","20140401100515","32","12","00013156"
"32514FACDEDDBBACBFCF27D961E95F07","00694","20140401090400","20140401100519","35","12","00013156"
"B1555486A94C0958A36C9F72DCB664E7","00694","20140401095900","20140401100539","16","12","00013156"
"881BE4ADB03F54F7097B5AF6AD7B5103","00694","20140401095900","20140401100542","16","12","00013156"
"E9799D570863A6211B51EAFF6178664D","00694","20140401161400","20140401161819","2","3","00013156"
"9BAAB4E83477350E15968BC2C69C2CD3","00694","20140401161400","20140401162343","2","6","00013156"
"638975AE136EC8B164C5C2C885220A4E","00694","20140401161000","20140401162346","1","6","00013156"
"CA8FD44B4A89DACA71BFAB2ABF7706D9","00694","20140401161200","20140401162648","1","7","00013156"
"CD5DF41DA0C511DC6BCDB241D1439F89","00694","20140401162400","20140401162859","6","7","00013156"
"A0ED77A2E7359F761F3F4B1EE5E12521","00694","20140401161400","20140401162917","2","7","00013156"
"B16CA42BEBF6352461379E72186156FF","00694","20140401161800","20140401162920","3","7","00013156"
"395204A07660657A18BB8AE7A5818AF2","00694","20140401161800","20140401163314","3","9","00013156"
"C180BA8B254BAAAAC3E98FB04B197B12","00694","20140401162400","20140401163524","6","11","00013156"
"081DB74BCB3F35476491CB78DC95F25E","00694","20140401162400","20140401163600","6","11","00013156"
"C13EDF47D88844351B840965B1774AB3","00694","20140401161400","20140401163857","2","12","00013156"
"944A5AD24618B5A505B279CED32ECC74","00694","20140401161400","20140401163933","2","12","00013156"
"E357CFD019A325DA844E6E0FF6BBD4F0","00694","20140401163900","20140401164033","12","15","00013156"
"F831D73B6B9ACB888F24016D3E1869A5","00694","20140401163900","20140401164412","12","15","00013156"
"93C4E17F73B19F869A9E834F38E0C60A","00694","20140401163900","20140401164418","12","15","00013156"
"508BDFA32688B8EE26A575F0C0FAF2BD","00694","20140401163900","20140401164449","12","15","00013156"
"9D61447280AB82D45C32ECF106B83A30","00694","20140401164400","20140401164901","15","18","00013156"
"10A30A5D441C0C42A67CC61800F61385","60815","20140331200000","20140331204614","10","3","00015858"
"DA530316CBF3D09E667B35A13A6EEC14","60815","20140331200100","20140331204616","10","3","00015858"
"52A520D643EE0F7519DD41F633EAC5AE","60815","20140331200000","20140331204618","10","3","00015858"
"167E791EA5F18C14BB9113B6BED73234","60815","20140331195900","20140331204624","10","3","00015858"
"0F9D9AFB0BF2D1163FDBB841FD44F567","60815","20140331200100","20140331204626","10","3","00015858"
"16DA3D1CC81E8EED03C65B77014AC639","60815","20140331200000","20140331204628","10","3","00015858"
"3D8714825C55460B773CECD224014383","60815","20140331200000","20140331204631","10","3","00015858"
"2DF9F464EB0EA4A6D169F5ED091447C6","60815","20140331200000","20140331204633","10","3","00015858"
"196DF5BAA33176FDCA3AFF70451353C1","60815","20140331200100","20140331204635","10","3","00015858"
"7A8C2C6E23B03E34AC4CC0C6A7BDF29D","60815","20140331200100","20140331204636","10","3","00015858"
"CD774FF99B4E810BD611B493FA151CCB","60815","20140331195900","20140331204640","10","3","00015858"
"B29C9D1AF4C25691CE46C6225A44416D","60815","20140331195900","20140331204642","10","3","00015858"
"826385FFBA7B2B40A77673E03398C0F8","60815","20140331200200","20140331204646","10","3","00015858"
"7326C4501CD9170A94AB09B73A188850","60815","20140331195900","20140331204722","10","2","00015858"
"73EE2B92CE605F35B682FBF7D50B333D","60815","20140331195900","20140331204728","10","2","00015858"
"7FFFC6C21D961CACCEDC92B79942800A","60815","20140331200200","20140331204801","10","2","00015858"
"77F9C0FAB1289C3A83CCF64C1349B297","60815","20140331200300","20140331204804","10","2","00015858"
"C44261F3B929CB82976F435D08919B06","60815","20140331200000","20140331204806","10","2","00015858"
"A7EC0D3AB94CB20FB91B2DCC9FBC0E49","60815","20140331200200","20140331204810","10","2","00015858"
"C8F42CF86814543D7D73D93FC9D3A28D","60815","20140331200100","20140331204813","10","2","00015858"
"E5B3EDD4FBC094FB17C1FEFB76A32759","60815","20140331200000","20140331204852","10","2","00015858"
"54AF20470E569A149BA666B9EA158C75","60815","20140331200100","20140331204935","10","1","00015858"
"9239EDE332D62D063FA5EFD98A716AFA","60815","20140331204600","20140331205007","3","1","00015858"
"D91E34A91C3C8D4CDDD7FBB424837D79","00658","20140401163700","20140401165738","25","19","00013532"
"3AA2F27C6834A735BCCA690A23D68953","00658","20140401162700","20140401165739","30","19","00013532"
"6206EDCCA7EA318600F9A69402B13051","00658","20140401165200","20140401165946","20","18","00013532"
"24BD80431AB8AC85FA3199BA048016F4","00658","20140401165200","20140401165948","20","18","00013532"
"9A1BA54E7F31549C48730C0C3D94C285","00658","20140401165000","20140401170033","21","16","00013532"
"FF8098E90B6D639400D92FC190F7A321","00658","20140401165700","20140401170522","19","16","00013532"
"76FC0E925E8E4A2C72173DF343A48BF1","00658","20140401165700","20140401170539","19","16","00013532"
"CFB77D73677ACAEA76BA56754D227F06","00658","20140401165700","20140401170540","19","16","00013532"
"0FC4FD6E239B3E62CAE355038AA29EAF","00658","20140401165700","20140401170542","19","16","00013532"
"E5266ECE14B437CAFDFCA7BFDDD84A2E","00658","20140401163500","20140401170758","25","15","00013532"
"844D3EDAFF5AB386DFBCB94B48BB66F8","00658","20140401071800","20140401170807","8","15","00013532"
"355A5532720112C73EE8EACC09A94B3F","00658","20140401170800","20140401171225","15","15","00013532"
"0570256A02557255A41389E93AD76999","00658","20140401170800","20140401171228","15","15","00013532"
"5070835D98516FE0433B3FE6F5265D97","00658","20140401163500","20140401171747","25","14","00013532"
"11163F87723763A70D6DB316C488F86F","00658","20140401170800","20140401171839","15","14","00013532"
"5C056BEDC16251C1FC182BD2F179EC02","00658","20140401170800","20140401171841","15","14","00013532"
"E2873ED00F990DBCC31D58DFDDA0591C","00658","20140401164400","20140401171858","23","14","00013532"
"719F82BD766F3A0DF75BCC95BA23CBB8","00658","20000000000000","20140401171859","0","14","00013532"
"F937F1FDE6DF4071747F73EF608CD0D6","00658","20140401170500","20140401172158","16","13","00013532"
"5683885BFAE9DEEAC601F610F1EE5671","00658","20140401171900","20140401172337","14","10","00013532"
"C89E399C19457FB7606CD42E259FAEB5","00658","20140401173300","20140401174606","9","4","00013532"
"3F996315CE3EA9E346E50912C9E2E59A","00658","20140401162000","20140401162727","31","30","00013532"
"1B9FA11F85412CD258C652FB0508435B","00658","20140401162000","20140401162919","31","29","00013532"
"5EB67D0EAC646254CBE718C94BECCF67","00658","20140401162800","20140401162928","30","29","00013532"
"08AC65B6CD2635B0DB301A0AD75F9695","00658","20140401161700","20140401163040","34","28","00013532"
"0F6893775285CDACC8363AD6F532D5CD","00658","20140401163200","20140401163706","28","25","00013532"
"3985EFF029825F04E560CB7482EF0CE1","00658","20140401163200","20140401163709","28","25","00013532"
"80341AE315684A5762CC37D2266B0605","00658","20140401163500","20140401164012","25","24","00013532"
"3E989CAE5C0243120135A2FEB91068E3","00658","20140401163200","20140401164114","28","24","00013532"
"3FAAE629DC1D4F07FAD3DE937F382E42","00658","20140401163500","20140401164118","25","24","00013532"
"A6325566FD82AF231B0311E39118C7AA","00658","20140401163500","20140401164119","25","24","00013532"
"48A97A3A4E9FAFF83A8C7F8D638544D2","00658","20140401162000","20140401164321","31","23","00013532"
"A0863F944EB731069EA3E9C7B0CCFE82","00658","20140401161700","20140401164417","34","23","00013532"
"4D10FE57453A82391CCEF125CC30218A","00658","20140401162000","20140401164933","31","21","00013532"
"875ABDB83509DDB65640C7D064C7E2ED","00658","20140401170500","20140401172837","16","10","00013532"
"A6F9EE996E255FBEFDA0FEA198A1F868","00658","20140401163900","20140401172918","24","10","00013532"
"446E4AC0E8994060BE5777EFFD1ABC4A","00658","20140401171900","20140401172920","14","10","00013532"
"41E6F184078889FE0706D61FCF67A4EB","00658","20140401171300","20140401172932","15","10","00013532"
"ED75B7D2BE767C6841C6ECC3E45CCD65","00658","20140401165700","20140401173005","19","10","00013532"
"45B704E22B640DD2B15C17A465662B91","00658","20140401171300","20140401173006","15","10","00013532"
"99AF749484DBCE6D5F7BFB891DCA759E","00658","20140401171900","20140401173007","14","10","00013532"
"238AB813F00371C24F7E1174DC565069","00658","20140401171300","20140401173008","15","10","00013532"
"B4F07572303FBFCA1AFA87FA99D214E6","00658","20140401171300","20140401173010","15","10","00013532"
"BE1604FC90F572D8802E52E6BBEBA9C6","00658","20140401172200","20140401173020","13","9","00013532"
"20830ED03F06839F356E2C298ACC0B62","00658","20140401171900","20140401173028","14","9","00013532"
"06DF5C36C158D290072C3C579BEB946C","00658","20140401171900","20140401173032","14","9","00013532"
"D256E845FCF2FBDE810FB9305B322D1C","00658","20140401171300","20140401173050","15","9","00013532"
"2AA231E9A1F54722AB215994624E471C","00658","20140401162700","20140401173110","30","9","00013532"
"610EBDB41C342131A9BBF8F493AB3293","00658","20140401170800","20140401173215","15","9","00013532"
"7B1683A0F5A551FDBC80CA6618650CE1","00658","20140401171300","20140401173218","15","9","00013532"
"BB2A2D88565630F855C793B2890AA1F7","00658","20140401171900","20140401173309","14","9","00013532"
"748779722307226D2FC86A363B4044A8","00658","20140401171800","20140401173310","14","9","00013532"
"31E2115FEACA362F331AB54C6F0F8392","00658","20140401163200","20140401173312","28","9","00013532"
"6FD186DC5D6809DB51E1EBB70D975901","00658","20140401170500","20140401173316","16","9","00013532"
"61CF92A5B9F121A7B864E55C7A301704","00658","20140401171800","20140401173318","14","9","00013532"
"353AB853041FAD96179D8ED9ED112348","00658","20140401173300","20140401173329","9","9","00013532"
"AF691AD1C92560F582978273A2C5B4EB","10945","20140401175200","20140401180546","45","42","00051035"
"A42F30B2FDD2B312BC7B751D0075290C","10945","20140401180600","20140401180900","42","41","00051035"
"813698A36C8291A84EA9A444F4BC7CB3","10945","20140401180600","20140401180918","42","41","00051035"
"EC1363CBB2128DD77028EEC996FE6CCA","10945","20140401180600","20140401180919","42","41","00051035"
"317D3391CBD0E902B74DA266C9D5AD4A","10945","20140401175300","20140401181441","45","38","00051035"
"AAD98F077357D1A636BDB85C8422BC7F","10945","20140401180200","20140401181454","43","38","00051035"
"8D9E9390223396891FDA7BF4A3B0479F","10945","20140401175300","20140401181547","45","38","00051035"
"5DA605BD065D5CB70C10DB3A36063850","10945","20140401175200","20140401181549","45","38","00051035"
"91654DFE48E2E64DB42965B5D7124C0A","10945","20140401175200","20140401181551","45","38","00051035"
"76E37E46F914456B968AEF7B79C387D7","00839","20140401174100","20140401175453","24","29","00022069"
"0FB28AFFD982AA37595E2CA8FB213521","10945","20140401124000","20140401125331","27","32","00051035"
"AC5312F598F32BD06FF2F40B3A4131C8","10945","20140401124300","20140401131822","28","43","00051035"
"1F1F8E1F06C7E733F3E0B87C35741076","10945","20140401131700","20140401132500","42","44","00051035"
"03082091128F6385C8A24245EE3DBF95","10945","20140401123300","20140401132509","24","44","00051035"
"2CAC1081576228BB97A31D41D5B512E0","10945","20140401123300","20140401132511","24","44","00051035"
"6DFB02689F8DB547C24CA389A641B161","10945","20140401131700","20140401132514","42","44","00051035"
"04136FAE9A4E3A9DA00D9643BCBCF3AC","10945","20140401125400","20140401132516","32","44","00051035"
"3AB96D679FAC925990EF6DC2F997F1F7","10945","20140401131700","20140401132518","42","44","00051035"
"C25FB5B5D644C702344C068197A9C153","10945","20140401131700","20140401132818","42","45","00051035"
"F4880F47D4530543C3A8951BE1954C36","10945","20140401125000","20140401132833","30","45","00051035"
"C8E88974B0B52EC821A431A164D75D86","10945","20140401122700","20140401132836","21","45","00051035"
"F7A57EFC224D58A7AD99C750C42E938A","10945","20140401130000","20140401134203","13","45","00051035"
"99C959D94BCBB4825E4CC1CC09F0EB56","10945","20140401133700","20140401134207","34","45","00051035"
"12B6B1B52860C92FC51B42043AA3EE7C","10945","20000000000000","20140401134830","0","43","00051035"
"074EB48B3F8E18A43163C27999E3C20F","10945","20140401134100","20140401135206","45","42","00051035"
"CA50DAE71BDFA825AB00CD783D768B64","10945","20140401135600","20140401140126","41","38","00051035"
"1090AEAB60883303CD40CED088EFF4C7","10945","20140401075400","20140401140537","8","36","00051035"
"C9567CB9F046EBB8A9F62401AB8A6497","10945","20140401075400","20140401140541","8","36","00051035"
"FDC0909E2B98A0B619DDD01DADBCB4CF","10945","20140401135200","20140401142537","42","24","00051035"
"E83B54FA4E2DAC2106B5EAA0F0C9D7D2","10945","20140401135200","20140401142540","42","24","00051035"
"DB2143F3758052673FA84E629992D1D1","10945","20000000000000","20140401142548","0","24","00051035"
"99C66C63A0936E0E0B6F507EB818CA5A","10945","20140401141000","20140401142557","32","24","00051035"
"0580A181311D755729FC8D2A0E3EF6D0","10945","20140401143200","20140401144727","21","13","00051035"
"BD7DB0124762FCF7244276774FAED71E","10945","20140401150700","20140401151210","5","2","00051035"
"DAA0C55E9E14B45F9291CE4EE256541B","10945","20140401145600","20140401151217","9","2","00051035"
"4ACE40CC2CFB8ED744BFB3C5AB681A7B","10945","20140401152500","20140401155030","66","1","00051035"
"1FF4CD36E74EC28C1B1C4D917CB163A8","10945","20000000000000","20140401155323","0","2","00051035"
"2D352E46B5B1A506DF17338EBF5C4322","10945","20140401160800","20140401163531","9","21","00051035"
"38C9174638B7D43740E763CB851F224C","10945","20140401183500","20140401184337","28","24","00051035"
"311BAEEFDBE01CD42FD2101C5F2CDBF4","10945","20140401175300","20140401184351","45","24","00051035"
"AA258662BAB45614E2FF748642927B08","10945","20140401182900","20140401184354","30","24","00051035"
"426ECA633B2E8739E86317AD012D4AFE","10945","20140401181000","20140401184452","41","23","00051035"
"054912B5CB651809AB704A6F7299309A","10945","20140401182900","20140401184503","30","23","00051035"
"7F76B80FD1673F985822C96489411E90","10945","20140401182900","20140401184522","30","23","00051035"
"165D1C7099D2529D2981685406E1B416","10945","20140401182800","20140401184527","31","23","00051035"
"09AEB8F3DA436C4B442CD2CF5513971D","10945","20140401182900","20140401184529","30","23","00051035"
"8525273A3A9EEB7AD8A9A3C92EA8D887","10945","20140401181000","20140401185247","41","19","00051035"
"59AC62B526C11EAD0E03754EC3C28EE9","10945","20140401184400","20140401185608","24","17","00051035"
"7EA14C5EF2E0140FA788CFA8EB0BFA2E","10945","20140401182800","20140401185819","31","16","00051035"
"81EADE9DFAD7A9823CEDA4BEAC67121A","10945","20140401175300","20140401190109","45","16","00051035"
"A2016BA1F9F4A9D179FD24DB45031A69","10945","20140401175300","20140401190143","45","16","00051035"
"8B4775ABD18EF484FF464B785C698EAD","10945","20140401181400","20140401190649","39","13","00051035"
"7AFED8D0697E57EE8AA85C0E6FB4D2BC","10945","20140401175700","20140401191152","44","11","00051035"
"80B822EDB85002561CD9B273E82AA0EB","10945","20140401161700","20140401164132","13","24","00051035"
"877E8EEF80D05BADA93FB5E2D0506870","10945","20140401164100","20140401164926","24","28","00051035"
"EB7996F2B4439D804889D8FA655A2376","10945","20140401164100","20140401165423","24","30","00051035"
"85B0A40841CB943BF6FE5ED5698F924D","10945","20140401165700","20140401170547","32","37","00051035"
"8C7E374FB839684E2AD11D510B2C1578","10945","20140401165700","20140401170549","32","37","00051035"
"0338FBC31142975F19BFAD67ADCF1AD9","10945","20140401165700","20140401170554","32","37","00051035"
"95A9171A10CC37CE08A818227D3D349F","10945","20140401170900","20140401171506","39","42","00051035"
"EF6600B7EEC022543BF7A4C7930F4DB5","10945","20140401161800","20140401172339","13","44","00051035"
"F454BE57E84E3251BEE31D91C4BBBD86","10945","20140401160800","20140401172344","9","44","00051035"
"76D8DFA43A78C8D5FDA9BAD76348304D","10945","20140401170900","20140401172838","39","45","00051035"
"A8F4DCCDE867FA1E7A7725126DBFCFBB","10945","20140401165500","20140401172846","31","45","00051035"
"197ED5A7633AB37A683DFF076C34E961","10945","20140401113200","20140401175304","20","45","00051035"
"10D78DA1F7E65EA4CB6AE76A9438AAD8","10945","20140401175300","20140401180333","45","42","00051035"
"30E10744AC97EEC809FC66E239B515B4","10945","20140401124700","20140401124806","27","28","00051026"
"A94E2B35B116243682E757D75FD95F80","10945","20140401124200","20140401125331","24","29","00051026"
"8C34535CD3BB70A49A3FF55332AB0DEE","10945","20140401124600","20140401125457","26","30","00051026"
"9AC81035A1B2FAE05DC73619EB1C81F7","10945","20140401124600","20140401125634","26","30","00051026"
"BD06FAAB908B4215DEAE52188736DE79","10945","20140401125700","20140401125956","30","32","00051026"
"447EF19220C4764FA94D31F37C99D59B","10945","20140401125800","20140401132155","31","43","00051026"
"88715DACE071F70BFBD43C6F40964A33","10945","20140401122400","20140401132330","15","44","00051026"
"0E04F5C09A2EED1488063B730C0071DD","10945","20140401124700","20140401132446","27","44","00051026"
"3A06C5C2B64A875B7CD763CE5D99BF13","10945","20140401121700","20140401132513","11","44","00051026"
"8A51B785765AE5C80F6AAF0AAAF5307A","10945","20140401124700","20140401132540","27","44","00051026"
"58BF3F2AA7EF06BA2FFF627B54ED84AB","10945","20140401124700","20140401132542","27","44","00051026"
"8880E68A881D3F847903992C2A658943","10945","20140401120200","20140401132544","3","44","00051026"
"3F24A8E261E8F0D155E362EE91ECDEB6","10945","20000000000000","20140401135448","0","45","00051026"
"D9C5D957BA9163FADFDF98B9537AB4FD","10945","20140401134200","20140401135449","35","45","00051026"
"B8B266E522FF6750FCA2C8F6875EAD93","10945","20140401135800","20140401135815","44","43","00051026"
"1DBC3668AAC5A2DA4764EE7C144B11D0","10945","20140401135400","20140401140500","45","42","00051026"
"238D2C50887100BEC8BC5A6EC2642B36","10945","20140401135400","20140401140628","45","41","00051026"
"4997CB289BC3D048FE85685C6EDD28BA","10945","20140401135400","20140401141545","45","36","00051026"
"34E177284D4BDFE7E745147546789D3E","10945","20140401135400","20140401142016","45","34","00051026"
"4DFAA33CBEE41FD662901960CA0C2A17","10945","20140401141500","20140401142343","37","32","00051026"
"8C34D3F65A6EF48EF0BF807C3260C203","10945","20140401135400","20140401142419","45","31","00051026"
"9ED543ED5997749DEB02D08BD466BBEB","10945","20140401135400","20140401142434","45","31","00051026"
"4AB33E89667FD541B2785142A05FF5B7","10945","20140401142300","20140401142551","32","30","00051026"
"27155C35540207044B857BF17325BB6C","10945","20140401135400","20140401142632","45","30","00051026"
"BB64E6B875FEE721ED42026296BDEA47","10945","20140401142600","20140401142700","30","29","00051026"
"7A3653B42F5A5DE92C20E1BE4649AF51","10945","20140401135800","20140401142714","44","29","00051026"
